timestamp,actual_x,actual_y,actual_z,predicted_x,predicted_y,predicted_z,inference_ms,model_name,abs_err_x,abs_err_y,abs_err_z
2026-04-01T03:27:08.6690794Z,0.079618,0.031051,0.125617,0.084720,0.030549,0.115473,4.53,gru,0.005102,0.000502,0.010143
2026-04-01T03:27:08.7092056Z,0.080689,0.028739,0.124895,0.084589,0.030788,0.123706,4.24,gru,0.003900,0.002049,0.001189
2026-04-01T03:27:08.7536985Z,0.082718,0.028979,0.124349,0.086776,0.033328,0.125578,8.29,gru,0.004058,0.004349,0.001230
2026-04-01T03:27:08.7816197Z,0.083357,0.027686,0.122668,0.087633,0.030853,0.118357,3.63,gru,0.004276,0.003167,0.004312
2026-04-01T03:27:08.8096741Z,0.084001,0.025082,0.129437,0.087803,0.026326,0.134678,4.58,gru,0.003803,0.001244,0.005241
2026-04-01T03:27:08.8399990Z,0.085569,0.024511,0.128711,0.089933,0.026324,0.126614,3.56,gru,0.004363,0.001813,0.002098
2026-04-01T03:27:08.8727296Z,0.085954,0.024158,0.123731,0.089878,0.028300,0.112492,2.20,gru,0.003924,0.004142,0.011239
2026-04-01T03:27:08.9040392Z,0.085063,0.022476,0.122971,0.087803,0.025550,0.120599,3.15,gru,0.002740,0.003074,0.002372
2026-04-01T03:27:08.9367762Z,0.087347,0.021640,0.129655,0.091677,0.025402,0.140004,3.59,gru,0.004330,0.003762,0.010350
2026-04-01T03:27:08.9755503Z,0.085990,0.020064,0.129671,0.088757,0.023875,0.128190,5.81,gru,0.002767,0.003810,0.001481
2026-04-01T03:27:09.0036329Z,0.053364,0.007524,0.087146,0.048519,0.030474,0.039468,3.82,gru,0.004845,0.022950,0.047678
2026-04-01T03:27:09.0365463Z,0.067029,0.011530,0.103569,0.051422,0.019159,0.115151,3.26,gru,0.015607,0.007629,0.011582
2026-04-01T03:27:09.0663027Z,0.066409,0.010594,0.104192,0.069865,0.017972,0.128978,4.41,gru,0.003457,0.007378,0.024785
2026-04-01T03:27:09.1016766Z,0.067613,0.009572,0.106625,0.060253,0.016975,0.099103,2.49,gru,0.007360,0.007403,0.007522
2026-04-01T03:27:09.1402807Z,0.067808,0.008562,0.110009,0.063558,0.009089,0.104392,4.02,gru,0.004250,0.000527,0.005617
2026-04-01T03:27:09.1704457Z,0.072314,0.012484,0.119717,0.072720,0.018653,0.128131,2.67,gru,0.000406,0.006168,0.008413
2026-04-01T03:27:09.2046026Z,0.076550,0.012595,0.125143,0.081903,0.015328,0.132063,3.30,gru,0.005353,0.002733,0.006920
2026-04-01T03:27:09.2464641Z,0.078962,0.012383,0.131953,0.082666,0.012898,0.132367,5.34,gru,0.003704,0.000515,0.000415
2026-04-01T03:27:09.2677133Z,0.081428,0.013410,0.138210,0.084521,0.017052,0.138535,2.91,gru,0.003094,0.003643,0.000325
2026-04-01T03:27:09.3086425Z,0.066282,0.008976,0.132831,0.058685,0.013268,0.121168,4.10,gru,0.007597,0.004292,0.011663
2026-04-01T03:27:09.3347141Z,0.065490,0.008154,0.137061,0.064455,0.010830,0.138518,2.54,gru,0.001035,0.002676,0.001457
2026-04-01T03:27:09.3698473Z,0.064463,0.008492,0.141109,0.070693,0.013012,0.146401,3.53,gru,0.006231,0.004520,0.005292
2026-04-01T03:27:09.4089747Z,0.064015,0.008029,0.147268,0.066501,0.013969,0.148580,4.85,gru,0.002486,0.005940,0.001312
2026-04-01T03:27:09.4369173Z,0.063698,0.008764,0.152762,0.066277,0.015326,0.154265,4.13,gru,0.002579,0.006562,0.001503
2026-04-01T03:27:09.4694900Z,0.091051,0.019571,0.184058,0.117195,0.037038,0.215043,2.98,gru,0.026144,0.017467,0.030985
2026-04-01T03:27:09.5002640Z,0.095644,0.022253,0.193425,0.104830,0.035932,0.201485,4.18,gru,0.009186,0.013679,0.008060
2026-04-01T03:27:09.5350726Z,0.095391,0.025178,0.198676,0.083210,0.034102,0.182658,4.12,gru,0.012181,0.008925,0.016018
2026-04-01T03:27:09.5662513Z,0.092180,0.026604,0.203369,0.085382,0.035293,0.203089,2.56,gru,0.006797,0.008689,0.000280
2026-04-01T03:27:09.6179653Z,0.089299,0.026690,0.211385,0.088032,0.041574,0.222762,10.33,gru,0.001267,0.014883,0.011377
2026-04-01T03:27:09.6452799Z,0.089704,0.029639,0.221132,0.093439,0.038127,0.229894,5.56,gru,0.003735,0.008488,0.008762
2026-04-01T03:27:09.6691413Z,0.088182,0.032183,0.229007,0.087330,0.041328,0.228559,4.51,gru,0.000851,0.009145,0.000448
2026-04-01T03:27:09.7051414Z,0.107403,0.044212,0.242492,0.128484,0.058405,0.249879,4.82,gru,0.021081,0.014193,0.007387
2026-04-01T03:27:09.7381222Z,0.103233,0.047797,0.247193,0.099782,0.062500,0.249076,4.58,gru,0.003451,0.014703,0.001883
2026-04-01T03:27:09.7697478Z,0.098892,0.050948,0.251041,0.082805,0.060034,0.246776,3.04,gru,0.016087,0.009086,0.004265
2026-04-01T03:27:09.8126342Z,0.108491,0.058736,0.264729,0.123148,0.068524,0.277431,6.60,gru,0.014657,0.009788,0.012703
2026-04-01T03:27:09.8366160Z,0.108284,0.066037,0.271287,0.114848,0.085996,0.277525,2.08,gru,0.006564,0.019959,0.006238
2026-04-01T03:27:09.8684045Z,0.110755,0.073608,0.277832,0.107423,0.090121,0.275941,4.84,gru,0.003332,0.016513,0.001891
2026-04-01T03:27:09.8994683Z,0.114209,0.083114,0.285434,0.118114,0.098711,0.290450,1.96,gru,0.003905,0.015597,0.005017
2026-04-01T03:27:09.9404035Z,0.125384,0.096763,0.291224,0.141143,0.117137,0.295645,5.64,gru,0.015759,0.020374,0.004420
2026-04-01T03:27:09.9681270Z,0.125362,0.104032,0.296412,0.123509,0.121599,0.297934,3.83,gru,0.001853,0.017567,0.001522
2026-04-01T03:27:10.0017619Z,0.124777,0.108624,0.305274,0.115202,0.122941,0.313397,3.54,gru,0.009576,0.014318,0.008124
2026-04-01T03:27:10.0348373Z,0.128435,0.119102,0.309060,0.134845,0.133365,0.310350,3.19,gru,0.006409,0.014264,0.001290
2026-04-01T03:27:10.0692908Z,0.131028,0.126086,0.318520,0.138545,0.141826,0.324857,3.52,gru,0.007517,0.015740,0.006337
2026-04-01T03:27:10.0993969Z,0.125944,0.132757,0.322276,0.114727,0.147978,0.324423,2.54,gru,0.011218,0.015221,0.002147
2026-04-01T03:27:10.1365676Z,0.130439,0.142008,0.328972,0.134460,0.153755,0.331190,3.68,gru,0.004022,0.011746,0.002218
2026-04-01T03:27:10.1670956Z,0.130251,0.148799,0.333630,0.136062,0.163602,0.336705,4.12,gru,0.005810,0.014802,0.003074
2026-04-01T03:27:10.2006965Z,0.129928,0.155245,0.338062,0.125982,0.171539,0.338673,2.60,gru,0.003946,0.016294,0.000612
2026-04-01T03:27:10.2474754Z,0.133082,0.163030,0.343387,0.137165,0.176386,0.347539,8.68,gru,0.004084,0.013356,0.004152
2026-04-01T03:27:10.2652700Z,0.131215,0.169214,0.346089,0.128965,0.181296,0.345941,2.04,gru,0.002250,0.012082,0.000148
2026-04-01T03:27:10.2998764Z,0.127943,0.173024,0.348851,0.120866,0.182277,0.347411,2.32,gru,0.007077,0.009253,0.001440
2026-04-01T03:27:10.3319682Z,0.125106,0.176323,0.350902,0.123099,0.185669,0.351495,2.17,gru,0.002006,0.009346,0.000593
2026-04-01T03:27:10.3687057Z,0.123017,0.179882,0.353437,0.123145,0.191120,0.354908,4.87,gru,0.000128,0.011238,0.001472
2026-04-01T03:27:10.4048953Z,0.122867,0.182829,0.355239,0.124429,0.190899,0.354728,3.11,gru,0.001562,0.008070,0.000511
2026-04-01T03:27:10.4380134Z,0.123399,0.185041,0.356364,0.124059,0.190655,0.354594,3.21,gru,0.000660,0.005614,0.001770
2026-04-01T03:27:10.4764564Z,0.120783,0.185425,0.356688,0.115085,0.190333,0.354894,6.28,gru,0.005698,0.004908,0.001794
2026-04-01T03:27:10.5105499Z,0.119933,0.185578,0.356363,0.118089,0.189900,0.354083,5.04,gru,0.001843,0.004322,0.002280
2026-04-01T03:27:10.5441478Z,0.119966,0.185955,0.356146,0.122471,0.191330,0.354420,4.60,gru,0.002505,0.005375,0.001727
2026-04-01T03:27:10.5739147Z,0.117339,0.186428,0.355664,0.113147,0.193121,0.353873,3.50,gru,0.004192,0.006694,0.001791
2026-04-01T03:27:10.6028318Z,0.116343,0.188773,0.354300,0.113574,0.194173,0.350961,3.29,gru,0.002769,0.005399,0.003339
2026-04-01T03:27:10.6353059Z,0.115705,0.188432,0.353150,0.117110,0.190239,0.350482,3.60,gru,0.001404,0.001807,0.002667
2026-04-01T03:27:10.6719255Z,0.112903,0.188700,0.351678,0.109142,0.192823,0.349536,3.82,gru,0.003761,0.004122,0.002143
2026-04-01T03:27:10.7102818Z,0.112551,0.189520,0.350752,0.111480,0.194247,0.349438,5.24,gru,0.001070,0.004726,0.001313
2026-04-01T03:27:10.7388285Z,0.112560,0.188716,0.349938,0.114567,0.190464,0.348599,3.59,gru,0.002007,0.001748,0.001339
2026-04-01T03:27:10.7696485Z,0.111731,0.190137,0.349517,0.109836,0.194620,0.348458,4.12,gru,0.001895,0.004483,0.001060
2026-04-01T03:27:10.8036575Z,0.110071,0.190996,0.350157,0.106327,0.196254,0.350986,3.16,gru,0.003744,0.005258,0.000829
2026-04-01T03:27:10.8351810Z,0.109806,0.192785,0.350795,0.110097,0.196349,0.351379,4.52,gru,0.000291,0.003564,0.000584
2026-04-01T03:27:10.8653516Z,0.109411,0.195505,0.352167,0.110055,0.200258,0.353033,1.63,gru,0.000644,0.004753,0.000866
2026-04-01T03:27:10.9039417Z,0.109941,0.199556,0.354153,0.109839,0.206107,0.356323,4.63,gru,0.000101,0.006551,0.002170
2026-04-01T03:27:10.9418894Z,0.110497,0.203957,0.356006,0.110466,0.209834,0.357634,3.87,gru,0.000031,0.005877,0.001628
2026-04-01T03:27:10.9663959Z,0.107154,0.206531,0.358180,0.100960,0.211122,0.359658,2.67,gru,0.006194,0.004591,0.001478
2026-04-01T03:27:11.0025125Z,0.107342,0.210432,0.360524,0.107316,0.215068,0.362484,2.94,gru,0.000026,0.004636,0.001961
2026-04-01T03:27:11.0426280Z,0.107784,0.215512,0.362911,0.111004,0.223763,0.365055,4.05,gru,0.003220,0.008250,0.002143
2026-04-01T03:27:11.0685568Z,0.108272,0.221573,0.365225,0.107259,0.231267,0.367059,3.10,gru,0.001014,0.009695,0.001834
2026-04-01T03:27:11.1045942Z,0.108994,0.226548,0.365933,0.107863,0.231261,0.365134,4.81,gru,0.001131,0.004713,0.000799
2026-04-01T03:27:11.1381738Z,0.109632,0.233817,0.368579,0.109436,0.242565,0.370978,3.77,gru,0.000196,0.008748,0.002399
2026-04-01T03:27:11.1709442Z,0.105742,0.238214,0.369987,0.098895,0.247287,0.371598,3.48,gru,0.006848,0.009073,0.001611
2026-04-01T03:27:11.2022738Z,0.104905,0.245585,0.371622,0.103509,0.254262,0.371695,3.20,gru,0.001396,0.008678,0.000073
2026-04-01T03:27:11.2394603Z,0.106236,0.254354,0.371916,0.111725,0.264998,0.371006,4.24,gru,0.005490,0.010644,0.000910
2026-04-01T03:27:11.2717038Z,0.104483,0.261013,0.373622,0.100642,0.272286,0.374995,2.19,gru,0.003841,0.011273,0.001373
2026-04-01T03:27:11.3025974Z,0.105078,0.269875,0.373284,0.102964,0.280752,0.372077,2.18,gru,0.002114,0.010877,0.001207
2026-04-01T03:27:11.3443034Z,0.078761,0.276505,0.371310,0.039078,0.294157,0.365104,6.30,gru,0.039683,0.017652,0.006206
2026-04-01T03:27:11.3749291Z,0.109698,0.284730,0.374520,0.158492,0.278559,0.375639,4.30,gru,0.048794,0.006171,0.001118
2026-04-01T03:27:11.4022717Z,0.110202,0.291386,0.374310,0.125308,0.303020,0.374209,3.04,gru,0.015106,0.011633,0.000100
2026-04-01T03:27:11.4407596Z,0.111390,0.297658,0.375290,0.071811,0.314251,0.370928,4.80,gru,0.039579,0.016593,0.004362
2026-04-01T03:27:11.4712408Z,0.116323,0.303878,0.376336,0.121923,0.297294,0.374108,5.75,gru,0.005601,0.006584,0.002229
2026-04-01T03:27:11.5035223Z,0.116508,0.308914,0.378157,0.127587,0.315597,0.377381,3.01,gru,0.011079,0.006683,0.000776
2026-04-01T03:27:11.5378346Z,0.113125,0.314394,0.380274,0.100497,0.326882,0.380800,3.04,gru,0.012628,0.012488,0.000526
2026-04-01T03:27:11.5703946Z,0.113464,0.319109,0.382021,0.107537,0.324022,0.380992,2.96,gru,0.005927,0.004912,0.001029
2026-04-01T03:27:11.6035642Z,0.113467,0.324333,0.383301,0.118640,0.327101,0.380672,2.04,gru,0.005173,0.002768,0.002629
2026-04-01T03:27:11.6351599Z,0.083883,0.329989,0.383432,0.040122,0.346255,0.380488,4.20,gru,0.043760,0.016266,0.002945
2026-04-01T03:27:11.6686040Z,0.083831,0.336222,0.384248,0.090218,0.337452,0.384157,3.76,gru,0.006387,0.001230,0.000091
2026-04-01T03:27:11.7008304Z,0.082381,0.344085,0.385610,0.109846,0.347515,0.386871,3.26,gru,0.027465,0.003430,0.001261
2026-04-01T03:27:11.7402402Z,0.079325,0.353188,0.385912,0.064350,0.371445,0.383152,3.32,gru,0.014975,0.018257,0.002759
2026-04-01T03:27:11.7689253Z,0.082762,0.363305,0.386173,0.081999,0.370973,0.383478,3.73,gru,0.000763,0.007668,0.002695
2026-04-01T03:27:11.8017386Z,0.082977,0.373090,0.385747,0.089676,0.381305,0.383289,2.20,gru,0.006698,0.008215,0.002458
2026-04-01T03:27:11.8361554Z,0.086680,0.382485,0.384718,0.094356,0.392423,0.381748,2.93,gru,0.007676,0.009938,0.002970
2026-04-01T03:27:11.8671877Z,0.088772,0.392153,0.384090,0.088392,0.405694,0.382193,2.64,gru,0.000380,0.013541,0.001897
2026-04-01T03:27:11.9044102Z,0.089112,0.401304,0.383520,0.084589,0.412313,0.381340,4.42,gru,0.004523,0.011009,0.002180
2026-04-01T03:27:11.9388674Z,0.105401,0.405314,0.387150,0.136547,0.403917,0.389057,4.93,gru,0.031146,0.001397,0.001907
2026-04-01T03:27:11.9691453Z,0.094187,0.417107,0.383108,0.069355,0.437475,0.371662,4.43,gru,0.024832,0.020367,0.011447
2026-04-01T03:27:12.0080895Z,0.098071,0.425464,0.382826,0.089713,0.438894,0.377091,7.46,gru,0.008358,0.013429,0.005736
2026-04-01T03:27:12.0387115Z,0.096886,0.434684,0.383134,0.111899,0.437968,0.383620,3.52,gru,0.015013,0.003284,0.000486
2026-04-01T03:27:12.0687431Z,0.097387,0.445152,0.382495,0.095597,0.459194,0.378566,3.27,gru,0.001791,0.014042,0.003929
2026-04-01T03:27:12.1069551Z,0.102199,0.454911,0.382878,0.106696,0.465465,0.379202,4.19,gru,0.004497,0.010554,0.003676
2026-04-01T03:27:12.1365888Z,0.098719,0.466032,0.384422,0.090050,0.480495,0.383743,4.38,gru,0.008669,0.014463,0.000679
2026-04-01T03:27:12.1711387Z,0.102681,0.477423,0.384675,0.109646,0.488900,0.382303,4.54,gru,0.006965,0.011478,0.002372
2026-04-01T03:27:12.2032831Z,0.104854,0.487306,0.385241,0.115280,0.495468,0.382498,4.99,gru,0.010426,0.008162,0.002743
2026-04-01T03:27:12.2604954Z,0.105397,0.499155,0.384536,0.100993,0.513918,0.380709,9.36,gru,0.004403,0.014763,0.003827
2026-04-01T03:27:12.2877387Z,0.105821,0.510257,0.384299,0.104578,0.522281,0.381023,4.72,gru,0.001242,0.012024,0.003275
2026-04-01T03:27:12.3093343Z,0.110613,0.521241,0.382849,0.123821,0.529137,0.379115,4.87,gru,0.013208,0.007896,0.003733
2026-04-01T03:27:12.3352492Z,0.110415,0.534173,0.382216,0.109522,0.548425,0.379324,3.54,gru,0.000893,0.014252,0.002891
2026-04-01T03:27:12.3698548Z,0.109045,0.544242,0.381236,0.099836,0.554994,0.378110,3.26,gru,0.009209,0.010752,0.003126
2026-04-01T03:27:12.4084821Z,0.109985,0.554952,0.379221,0.115148,0.560535,0.374307,4.99,gru,0.005163,0.005583,0.004914
2026-04-01T03:27:12.4386482Z,0.110855,0.565642,0.377161,0.116613,0.576453,0.372463,4.53,gru,0.005758,0.010811,0.004698
2026-04-01T03:27:12.4685269Z,0.113935,0.573803,0.374263,0.117444,0.580905,0.369397,4.06,gru,0.003509,0.007102,0.004866
2026-04-01T03:27:12.5055133Z,0.119386,0.581887,0.370398,0.125001,0.587319,0.363685,3.87,gru,0.005615,0.005433,0.006713
2026-04-01T03:27:12.5383479Z,0.120847,0.591081,0.368240,0.119141,0.603317,0.363947,3.61,gru,0.001706,0.012236,0.004293
2026-04-01T03:27:12.5710553Z,0.127052,0.598811,0.365047,0.136723,0.604174,0.360874,3.34,gru,0.009670,0.005362,0.004173
2026-04-01T03:27:12.6008544Z,0.127668,0.608039,0.362253,0.127278,0.615718,0.356432,2.99,gru,0.000390,0.007678,0.005822
2026-04-01T03:27:12.6405413Z,0.131806,0.614166,0.360431,0.134027,0.618583,0.357226,4.28,gru,0.002221,0.004417,0.003205
2026-04-01T03:27:12.6730026Z,0.137194,0.621653,0.358467,0.147669,0.625049,0.355069,3.34,gru,0.010475,0.003396,0.003398
2026-04-01T03:27:12.7053312Z,0.169334,0.623311,0.350791,0.219561,0.614437,0.340444,4.55,gru,0.050227,0.008873,0.010347
2026-04-01T03:27:12.7377730Z,0.170074,0.631900,0.349193,0.152948,0.644100,0.349365,2.78,gru,0.017126,0.012200,0.000172
2026-04-01T03:27:12.7682024Z,0.163024,0.640446,0.349772,0.116926,0.655946,0.356874,4.18,gru,0.046098,0.015500,0.007101
2026-04-01T03:27:12.8064126Z,0.174109,0.646353,0.346535,0.213339,0.630494,0.347139,3.73,gru,0.039231,0.015860,0.000604
2026-04-01T03:27:12.8365794Z,0.176728,0.656792,0.343441,0.195867,0.665011,0.337525,2.90,gru,0.019139,0.008219,0.005916
2026-04-01T03:27:12.8714469Z,0.180567,0.667972,0.339377,0.159857,0.685151,0.338810,4.66,gru,0.020710,0.017180,0.000568
2026-04-01T03:27:12.9012828Z,0.182602,0.680519,0.336307,0.177062,0.686145,0.336448,2.02,gru,0.005541,0.005626,0.000141
2026-04-01T03:27:12.9349488Z,0.190794,0.693592,0.329821,0.214814,0.697227,0.325003,1.84,gru,0.024020,0.003635,0.004818
2026-04-01T03:27:12.9685147Z,0.198025,0.701037,0.327438,0.210950,0.703791,0.326488,4.47,gru,0.012925,0.002754,0.000950
2026-04-01T03:27:13.0108146Z,0.202134,0.711528,0.322333,0.187928,0.721953,0.319655,5.47,gru,0.014206,0.010425,0.002677
2026-04-01T03:27:13.0355432Z,0.208805,0.719815,0.319444,0.212053,0.725802,0.316393,4.55,gru,0.003248,0.005987,0.003051
2026-04-01T03:27:13.0666610Z,0.197945,0.747537,0.309571,0.181570,0.783119,0.296600,3.65,gru,0.016376,0.035582,0.012971
2026-04-01T03:27:13.1021440Z,0.202627,0.755775,0.306743,0.211420,0.760286,0.302675,2.69,gru,0.008793,0.004511,0.004068
2026-04-01T03:27:13.1377950Z,0.197042,0.773294,0.303545,0.192872,0.776739,0.305602,3.03,gru,0.004170,0.003444,0.002057
2026-04-01T03:27:13.1662942Z,0.199027,0.779184,0.302307,0.192186,0.787144,0.297876,4.37,gru,0.006841,0.007960,0.004431
2026-04-01T03:27:13.2017332Z,0.249519,0.732421,0.306981,0.301883,0.715758,0.305854,2.34,gru,0.052363,0.016663,0.001127
2026-04-01T03:27:13.2538117Z,0.253563,0.733126,0.307020,0.233828,0.764333,0.299944,7.48,gru,0.019736,0.031207,0.007077
2026-04-01T03:27:13.2923951Z,0.265991,0.721827,0.303809,0.224564,0.772850,0.283688,9.92,gru,0.041428,0.051023,0.020121
2026-04-01T03:27:13.3126246Z,0.265883,0.724785,0.303180,0.275122,0.735212,0.291124,4.94,gru,0.009239,0.010427,0.012056
2026-04-01T03:27:13.3388913Z,0.268253,0.737948,0.299058,0.272603,0.755549,0.287966,2.53,gru,0.004350,0.017601,0.011093
2026-04-01T03:27:13.3710484Z,0.268790,0.744226,0.296255,0.258374,0.754400,0.285992,4.53,gru,0.010415,0.010174,0.010263
2026-04-01T03:27:13.4092967Z,0.271361,0.732213,0.301154,0.257608,0.732613,0.303433,4.15,gru,0.013753,0.000400,0.002279
2026-04-01T03:27:13.4347758Z,0.273876,0.734338,0.299507,0.276209,0.739645,0.294369,3.86,gru,0.002333,0.005307,0.005138
2026-04-01T03:27:13.4671790Z,0.274267,0.733680,0.298652,0.277542,0.743240,0.290077,2.55,gru,0.003275,0.009560,0.008575
2026-04-01T03:27:13.5006221Z,0.276390,0.739984,0.295828,0.272036,0.749857,0.291887,2.12,gru,0.004354,0.009873,0.003941
2026-04-01T03:27:13.5437106Z,0.277258,0.741678,0.296129,0.269424,0.743625,0.296330,5.35,gru,0.007835,0.001947,0.000201
2026-04-01T03:27:13.5669211Z,0.278878,0.764164,0.282552,0.278523,0.798650,0.265726,2.52,gru,0.000354,0.034486,0.016827
2026-04-01T03:27:13.6009498Z,0.284135,0.760484,0.281860,0.292845,0.761822,0.278575,3.48,gru,0.008710,0.001339,0.003285
2026-04-01T03:27:13.6320570Z,0.277410,0.761617,0.287731,0.256400,0.759748,0.312260,2.62,gru,0.021010,0.001869,0.024528
2026-04-01T03:27:13.6673328Z,0.277799,0.764104,0.290485,0.270321,0.767249,0.292473,3.05,gru,0.007478,0.003146,0.001987
2026-04-01T03:27:13.6983236Z,0.279959,0.782373,0.274749,0.288071,0.827685,0.253018,2.58,gru,0.008112,0.045313,0.021731
2026-04-01T03:27:13.7361918Z,0.285278,0.776899,0.273977,0.289133,0.780435,0.272855,3.18,gru,0.003855,0.003536,0.001122
2026-04-01T03:27:13.7694551Z,0.290627,0.774059,0.271863,0.282546,0.774984,0.286621,3.35,gru,0.008081,0.000925,0.014758
2026-04-01T03:27:13.8007281Z,0.289350,0.778150,0.271275,0.269607,0.817565,0.259799,3.20,gru,0.019743,0.039415,0.011476
2026-04-01T03:27:13.8367219Z,0.291896,0.784397,0.262766,0.294683,0.812742,0.243580,3.41,gru,0.002787,0.028345,0.019187
2026-04-01T03:27:13.8708772Z,0.293202,0.787623,0.259974,0.293272,0.796739,0.253587,2.37,gru,0.000070,0.009116,0.006387
2026-04-01T03:27:13.9020425Z,0.310519,0.740860,0.283806,0.314863,0.772746,0.315340,2.47,gru,0.004344,0.031886,0.031534
2026-04-01T03:27:13.9378297Z,0.310705,0.747019,0.279262,0.279686,0.812447,0.243192,4.03,gru,0.031018,0.065428,0.036070
2026-04-01T03:27:13.9707894Z,0.311322,0.753794,0.275623,0.278615,0.872001,0.228006,4.16,gru,0.032707,0.118207,0.047618
2026-04-01T03:27:14.0018319Z,0.312807,0.756464,0.272960,0.301369,0.825262,0.248668,3.33,gru,0.011438,0.068798,0.024292
2026-04-01T03:27:14.0441553Z,0.314367,0.755148,0.273367,0.298979,0.777245,0.266405,5.57,gru,0.015388,0.022097,0.006962
2026-04-01T03:27:14.0695024Z,0.316936,0.753947,0.274061,0.297583,0.795301,0.249222,3.51,gru,0.019352,0.041354,0.024839
2026-04-01T03:27:14.1109679Z,0.314431,0.759818,0.271910,0.294783,0.823006,0.241337,4.89,gru,0.019648,0.063188,0.030573
2026-04-01T03:27:14.1462903Z,0.310717,0.772006,0.264093,0.298021,0.809730,0.239287,3.99,gru,0.012696,0.037723,0.024806
2026-04-01T03:27:14.1770386Z,0.308190,0.770001,0.265871,0.299763,0.786499,0.262898,6.64,gru,0.008427,0.016498,0.002974
2026-04-01T03:27:14.2046431Z,0.305475,0.770330,0.268904,0.293346,0.788151,0.263257,3.54,gru,0.012130,0.017821,0.005647
2026-04-01T03:27:14.2356927Z,0.312035,0.744814,0.292752,0.315857,0.758485,0.307134,3.24,gru,0.003822,0.013671,0.014382
2026-04-01T03:27:14.2746686Z,0.306840,0.747741,0.293810,0.292938,0.766642,0.279446,3.90,gru,0.013903,0.018901,0.014364
2026-04-01T03:27:14.3077232Z,0.302042,0.736908,0.319425,0.283010,0.747822,0.337308,3.97,gru,0.019032,0.010913,0.017883
2026-04-01T03:27:14.3414654Z,0.298491,0.737117,0.321480,0.300071,0.733611,0.322197,4.50,gru,0.001580,0.003506,0.000717
2026-04-01T03:27:14.3664721Z,0.294750,0.738298,0.327221,0.287086,0.752463,0.312962,3.73,gru,0.007664,0.014165,0.014259
2026-04-01T03:27:14.4062998Z,0.291876,0.737772,0.334481,0.284843,0.753486,0.346100,3.79,gru,0.007033,0.015714,0.011618
2026-04-01T03:27:14.4389572Z,0.288877,0.739239,0.340945,0.283111,0.737088,0.348780,3.54,gru,0.005766,0.002151,0.007836
2026-04-01T03:27:14.4697876Z,0.283929,0.740558,0.344007,0.277371,0.742455,0.339770,3.99,gru,0.006557,0.001897,0.004237
2026-04-01T03:27:14.5037125Z,0.277808,0.743368,0.346196,0.267806,0.761144,0.338393,2.41,gru,0.010002,0.017776,0.007803
2026-04-01T03:27:14.5409965Z,0.273971,0.746947,0.350636,0.270065,0.758036,0.355677,2.71,gru,0.003906,0.011089,0.005041
2026-04-01T03:27:14.5707299Z,0.268117,0.747985,0.355313,0.260241,0.751263,0.360673,3.47,gru,0.007876,0.003279,0.005360
2026-04-01T03:27:14.6047530Z,0.261724,0.749525,0.360164,0.251728,0.749489,0.360435,4.59,gru,0.009996,0.000035,0.000271
2026-04-01T03:27:14.6381693Z,0.257767,0.752121,0.362579,0.256671,0.755560,0.359638,3.30,gru,0.001096,0.003439,0.002941
2026-04-01T03:27:14.6781027Z,0.252221,0.754348,0.363931,0.245279,0.760583,0.361452,7.55,gru,0.006942,0.006235,0.002479
2026-04-01T03:27:14.7104135Z,0.245824,0.756514,0.366700,0.232813,0.757890,0.370699,3.78,gru,0.013011,0.001376,0.003999
2026-04-01T03:27:14.7417367Z,0.238874,0.756637,0.368641,0.229782,0.752625,0.369288,5.82,gru,0.009092,0.004012,0.000647
2026-04-01T03:27:14.7711962Z,0.232831,0.758964,0.369273,0.228940,0.757937,0.365429,3.31,gru,0.003891,0.001027,0.003844
2026-04-01T03:27:14.8063580Z,0.226515,0.759265,0.372176,0.219760,0.764914,0.371413,4.92,gru,0.006755,0.005649,0.000762
2026-04-01T03:27:14.8415404Z,0.223121,0.758638,0.374715,0.217859,0.760725,0.374221,4.47,gru,0.005262,0.002087,0.000494
2026-04-01T03:27:14.8704250Z,0.218942,0.756784,0.375637,0.213511,0.751225,0.371055,5.73,gru,0.005431,0.005558,0.004583
2026-04-01T03:27:14.9015976Z,0.216114,0.754400,0.377683,0.211873,0.756652,0.372789,3.11,gru,0.004242,0.002251,0.004893
2026-04-01T03:27:14.9383665Z,0.211977,0.755504,0.373457,0.205586,0.756210,0.364382,2.57,gru,0.006391,0.000706,0.009074
2026-04-01T03:27:14.9740456Z,0.211361,0.752473,0.374160,0.210487,0.749424,0.372336,4.20,gru,0.000874,0.003050,0.001824
2026-04-01T03:27:15.0121792Z,0.213177,0.752426,0.369794,0.217257,0.747647,0.364626,6.10,gru,0.004080,0.004779,0.005168
2026-04-01T03:27:15.0371886Z,0.215709,0.752270,0.369859,0.215096,0.753714,0.366047,3.60,gru,0.000614,0.001444,0.003812
2026-04-01T03:27:15.0742543Z,0.218180,0.753165,0.367135,0.215551,0.753361,0.363512,4.41,gru,0.002629,0.000196,0.003622
2026-04-01T03:27:15.1051324Z,0.219080,0.755114,0.367471,0.215474,0.753963,0.365663,3.53,gru,0.003606,0.001151,0.001809
2026-04-01T03:27:15.1487637Z,0.220006,0.757833,0.364753,0.218211,0.756558,0.360829,7.81,gru,0.001795,0.001275,0.003923
2026-04-01T03:27:15.1802902Z,0.215724,0.760802,0.361592,0.203609,0.761224,0.353908,7.11,gru,0.012114,0.000423,0.007684
2026-04-01T03:27:15.2194931Z,0.216562,0.762991,0.360969,0.215106,0.764553,0.360830,7.93,gru,0.001456,0.001563,0.000139
2026-04-01T03:27:15.2551096Z,0.217011,0.765963,0.358374,0.219366,0.764919,0.356143,5.64,gru,0.002355,0.001044,0.002232
2026-04-01T03:27:15.2948899Z,0.217994,0.768702,0.352286,0.212274,0.766897,0.341794,5.28,gru,0.005720,0.001805,0.010491
2026-04-01T03:27:15.3034990Z,0.213371,0.771964,0.351342,0.197732,0.774874,0.351473,3.02,gru,0.015639,0.002910,0.000131
2026-04-01T03:27:15.3391489Z,0.214582,0.774518,0.350096,0.214994,0.775048,0.352122,5.11,gru,0.000412,0.000530,0.002025
2026-04-01T03:27:15.3743473Z,0.210373,0.778504,0.348444,0.205303,0.778060,0.344236,2.81,gru,0.005069,0.000444,0.004209
2026-04-01T03:27:15.4075663Z,0.210014,0.781180,0.345016,0.202030,0.781402,0.337747,4.38,gru,0.007984,0.000222,0.007269
2026-04-01T03:27:15.4355092Z,0.210217,0.784494,0.343588,0.208799,0.783955,0.342247,3.31,gru,0.001418,0.000539,0.001342
2026-04-01T03:27:15.4685512Z,0.211202,0.789087,0.329992,0.209041,0.789886,0.313447,3.92,gru,0.002161,0.000799,0.016545
2026-04-01T03:27:15.5074194Z,0.206559,0.791252,0.332635,0.192808,0.795687,0.340223,3.77,gru,0.013751,0.004435,0.007587
2026-04-01T03:27:15.5418154Z,0.205089,0.791018,0.331171,0.198142,0.787745,0.339033,5.08,gru,0.006947,0.003273,0.007862
2026-04-01T03:27:15.5695692Z,0.204961,0.793402,0.330504,0.206985,0.791996,0.324803,4.11,gru,0.002024,0.001407,0.005701
2026-04-01T03:27:15.6034987Z,0.205845,0.792688,0.330613,0.203507,0.793804,0.330361,2.19,gru,0.002337,0.001116,0.000252
2026-04-01T03:27:15.6351040Z,0.200439,0.794887,0.329561,0.181069,0.795919,0.329139,2.18,gru,0.019370,0.001031,0.000422
2026-04-01T03:27:15.6756667Z,0.200320,0.795525,0.328910,0.196997,0.792880,0.329106,4.35,gru,0.003323,0.002645,0.000196
2026-04-01T03:27:15.7065573Z,0.200773,0.796481,0.328125,0.207520,0.794669,0.326856,4.33,gru,0.006746,0.001812,0.001269
2026-04-01T03:27:15.7366892Z,0.195317,0.796146,0.327472,0.177305,0.795726,0.325742,5.01,gru,0.018012,0.000420,0.001730
2026-04-01T03:27:15.7698755Z,0.195735,0.797144,0.326475,0.190112,0.795450,0.325882,3.27,gru,0.005623,0.001694,0.000593
2026-04-01T03:27:15.8037729Z,0.190723,0.798376,0.326264,0.186200,0.799138,0.326094,3.17,gru,0.004523,0.000762,0.000170
2026-04-01T03:27:15.8392734Z,0.184301,0.800887,0.324285,0.170502,0.803571,0.321207,3.75,gru,0.013798,0.002684,0.003078
2026-04-01T03:27:15.8697809Z,0.184507,0.800128,0.323524,0.186321,0.794859,0.322025,3.36,gru,0.001814,0.005269,0.001499
2026-04-01T03:27:15.9051070Z,0.184102,0.799924,0.323031,0.184595,0.799685,0.322714,3.37,gru,0.000494,0.000239,0.000317
2026-04-01T03:27:15.9383476Z,0.184053,0.799027,0.323049,0.177454,0.801508,0.321817,3.10,gru,0.006599,0.002481,0.001232
2026-04-01T03:27:15.9691034Z,0.177860,0.799098,0.323434,0.162359,0.798712,0.323223,2.72,gru,0.015501,0.000386,0.000211
2026-04-01T03:27:16.0116437Z,0.177198,0.797584,0.324693,0.176649,0.795061,0.325182,5.75,gru,0.000549,0.002523,0.000489
2026-04-01T03:27:16.0351683Z,0.176898,0.792725,0.325434,0.181625,0.785996,0.325533,2.51,gru,0.004727,0.006729,0.000099
2026-04-01T03:27:16.0685779Z,0.176368,0.789906,0.325393,0.167902,0.788115,0.323526,3.88,gru,0.008466,0.001791,0.001866
2026-04-01T03:27:16.1040123Z,0.176362,0.783547,0.326868,0.170583,0.781123,0.325979,2.68,gru,0.005780,0.002423,0.000889
2026-04-01T03:27:16.1441939Z,0.175471,0.776938,0.328267,0.174763,0.770847,0.328385,6.09,gru,0.000708,0.006090,0.000118
2026-04-01T03:27:16.1705779Z,0.174580,0.771510,0.330558,0.171767,0.770062,0.330420,4.77,gru,0.002813,0.001449,0.000138
2026-04-01T03:27:16.2048453Z,0.183595,0.768199,0.324248,0.195735,0.766527,0.312590,4.05,gru,0.012140,0.001673,0.011658
2026-04-01T03:27:16.2350797Z,0.180587,0.765122,0.321553,0.168020,0.766930,0.314914,3.14,gru,0.012567,0.001808,0.006639
2026-04-01T03:27:16.2696233Z,0.181969,0.757386,0.329491,0.172758,0.760467,0.347845,4.18,gru,0.009211,0.003081,0.018354
2026-04-01T03:27:16.3154538Z,0.185318,0.751234,0.333946,0.196575,0.743245,0.339369,6.75,gru,0.011257,0.007989,0.005422
2026-04-01T03:27:16.3363585Z,0.184136,0.747171,0.335986,0.175705,0.750204,0.324910,3.32,gru,0.008431,0.003033,0.011076
2026-04-01T03:27:16.3712558Z,0.184118,0.746755,0.338022,0.173061,0.754049,0.335964,4.79,gru,0.011057,0.007293,0.002058
2026-04-01T03:27:16.4075931Z,0.186921,0.744988,0.341481,0.190932,0.745629,0.346449,4.02,gru,0.004010,0.000642,0.004968
2026-04-01T03:27:16.4383687Z,0.188693,0.744618,0.343206,0.190277,0.744059,0.342632,5.28,gru,0.001584,0.000559,0.000574
2026-04-01T03:27:16.4698626Z,0.198320,0.743018,0.349602,0.206712,0.746786,0.351608,4.59,gru,0.008391,0.003767,0.002005
2026-04-01T03:27:16.5048954Z,0.203545,0.745056,0.347881,0.200366,0.750639,0.339489,3.51,gru,0.003180,0.005583,0.008392
2026-04-01T03:27:16.5373561Z,0.207335,0.746310,0.343954,0.198850,0.748683,0.331289,3.04,gru,0.008484,0.002374,0.012664
2026-04-01T03:27:16.5742230Z,0.212920,0.747052,0.341931,0.219054,0.747801,0.339654,4.31,gru,0.006134,0.000750,0.002276
2026-04-01T03:27:16.6037742Z,0.218502,0.743750,0.345138,0.221922,0.745520,0.350049,3.50,gru,0.003421,0.001770,0.004911
2026-04-01T03:27:16.6330398Z,0.223716,0.740728,0.347505,0.218998,0.740666,0.345279,2.86,gru,0.004718,0.000062,0.002226
2026-04-01T03:27:16.6682633Z,0.228690,0.739083,0.345755,0.225902,0.739096,0.333577,2.07,gru,0.002788,0.000013,0.012178
2026-04-01T03:27:16.7062345Z,0.232005,0.739361,0.343282,0.230350,0.743133,0.334918,3.15,gru,0.001654,0.003772,0.008364
2026-04-01T03:27:16.7341260Z,0.236355,0.737324,0.342161,0.237139,0.737334,0.342079,3.02,gru,0.000784,0.000010,0.000082
2026-04-01T03:27:16.7714268Z,0.241676,0.734673,0.342987,0.241585,0.732851,0.343024,3.21,gru,0.000090,0.001823,0.000037
2026-04-01T03:27:16.8081758Z,0.248935,0.733495,0.342844,0.250799,0.733299,0.338056,5.20,gru,0.001863,0.000196,0.004788
2026-04-01T03:27:16.8379654Z,0.255337,0.732007,0.347741,0.256917,0.735294,0.350457,3.63,gru,0.001579,0.003288,0.002716
2026-04-01T03:27:16.8718142Z,0.261714,0.731198,0.347378,0.261118,0.731465,0.343561,2.03,gru,0.000596,0.000267,0.003817
2026-04-01T03:27:16.9106096Z,0.267927,0.731898,0.347504,0.268492,0.732731,0.340976,5.71,gru,0.000565,0.000833,0.006529
2026-04-01T03:27:16.9352467Z,0.274097,0.733752,0.346174,0.276368,0.738780,0.342367,3.37,gru,0.002272,0.005028,0.003807
2026-04-01T03:27:16.9719528Z,0.283059,0.727296,0.343034,0.288816,0.719447,0.335601,2.70,gru,0.005758,0.007848,0.007433
2026-04-01T03:27:17.0061632Z,0.290556,0.729009,0.342013,0.292634,0.732887,0.339835,2.63,gru,0.002078,0.003878,0.002178
2026-04-01T03:27:17.0387988Z,0.295626,0.728044,0.339373,0.291194,0.733562,0.334780,3.72,gru,0.004432,0.005517,0.004593
2026-04-01T03:27:17.0700903Z,0.302061,0.728295,0.339518,0.303697,0.727836,0.336946,5.28,gru,0.001637,0.000459,0.002571
2026-04-01T03:27:17.1040669Z,0.309077,0.729815,0.338444,0.313181,0.729265,0.337116,3.84,gru,0.004104,0.000549,0.001328
2026-04-01T03:27:17.1403841Z,0.313457,0.727667,0.325476,0.308499,0.718389,0.304567,3.03,gru,0.004958,0.009277,0.020909
2026-04-01T03:27:17.1691272Z,0.314644,0.729873,0.311961,0.305842,0.733288,0.291592,2.62,gru,0.008802,0.003415,0.020369
2026-04-01T03:27:17.2052063Z,0.316360,0.730398,0.305088,0.315327,0.739749,0.307072,3.60,gru,0.001032,0.009350,0.001985
2026-04-01T03:27:17.2401279Z,0.330240,0.723243,0.325263,0.345064,0.731114,0.360098,2.44,gru,0.014824,0.007871,0.034835
2026-04-01T03:27:17.2704632Z,0.333754,0.711697,0.292032,0.314721,0.688767,0.259881,3.65,gru,0.019033,0.022929,0.032151
2026-04-01T03:27:17.3046729Z,0.329098,0.715351,0.280227,0.292585,0.744768,0.236575,2.73,gru,0.036513,0.029416,0.043652
2026-04-01T03:27:17.3370205Z,0.327340,0.713290,0.274781,0.318454,0.739840,0.302975,3.03,gru,0.008887,0.026550,0.028194
2026-04-01T03:27:17.3701946Z,0.326263,0.710851,0.272453,0.328105,0.703368,0.280639,4.09,gru,0.001841,0.007483,0.008185
2026-04-01T03:27:17.4048149Z,0.325826,0.704373,0.270189,0.305551,0.684227,0.248373,2.13,gru,0.020275,0.020147,0.021816
2026-04-01T03:27:17.4459350Z,0.323743,0.702444,0.267525,0.299989,0.712629,0.247925,8.05,gru,0.023755,0.010184,0.019600
2026-04-01T03:27:17.4835092Z,0.323887,0.696717,0.268411,0.315625,0.705109,0.271323,7.93,gru,0.008262,0.008392,0.002912
2026-04-01T03:27:17.5048822Z,0.331024,0.672600,0.284862,0.334100,0.669214,0.304813,3.70,gru,0.003077,0.003386,0.019951
2026-04-01T03:27:17.5400558Z,0.329943,0.663076,0.288983,0.305243,0.651042,0.271861,5.05,gru,0.024700,0.012034,0.017122
2026-04-01T03:27:17.5706046Z,0.327684,0.657953,0.288801,0.298671,0.691065,0.254275,3.85,gru,0.029013,0.033112,0.034526
2026-04-01T03:27:17.6048325Z,0.320551,0.662545,0.279638,0.308017,0.683467,0.259057,2.97,gru,0.012534,0.020922,0.020581
2026-04-01T03:27:17.6369286Z,0.336120,0.636937,0.291889,0.348479,0.655456,0.297206,3.55,gru,0.012358,0.018519,0.005317
2026-04-01T03:27:17.6702768Z,0.333575,0.632401,0.291151,0.310502,0.633168,0.274510,3.31,gru,0.023073,0.000767,0.016641
2026-04-01T03:27:17.7067361Z,0.332281,0.626456,0.292248,0.295862,0.678777,0.254768,3.54,gru,0.036419,0.052321,0.037481
2026-04-01T03:27:17.7351424Z,0.333321,0.616532,0.296458,0.336022,0.643399,0.281848,3.19,gru,0.002701,0.026867,0.014610
2026-04-01T03:27:17.7718605Z,0.333933,0.607215,0.299124,0.335642,0.605685,0.296498,3.51,gru,0.001709,0.001530,0.002627
2026-04-01T03:27:17.8013308Z,0.334339,0.596525,0.302085,0.318263,0.603862,0.286886,3.53,gru,0.016076,0.007337,0.015199
2026-04-01T03:27:17.8382493Z,0.333513,0.589024,0.302633,0.320262,0.619393,0.281943,3.03,gru,0.013251,0.030369,0.020690
2026-04-01T03:27:17.8703572Z,0.336583,0.572743,0.313523,0.339897,0.588326,0.321173,3.19,gru,0.003314,0.015583,0.007650
2026-04-01T03:27:17.9113152Z,0.333595,0.569862,0.312436,0.328719,0.571004,0.306600,5.10,gru,0.004876,0.001142,0.005836
2026-04-01T03:27:17.9348842Z,0.291600,0.622305,0.288167,0.207472,0.825288,0.214914,3.74,gru,0.084128,0.202984,0.073252
2026-04-01T03:27:17.9771384Z,0.290769,0.615066,0.291439,0.289447,0.652980,0.264492,3.65,gru,0.001321,0.037915,0.026947
2026-04-01T03:27:18.0080464Z,0.363099,0.513787,0.337137,0.330085,0.671131,0.316352,3.03,gru,0.033014,0.157345,0.020785
2026-04-01T03:27:18.0341455Z,0.359428,0.507670,0.339059,0.247905,0.624794,0.256204,3.61,gru,0.111523,0.117123,0.082855
2026-04-01T03:27:18.0751501Z,0.323367,0.532393,0.321808,0.148560,0.957928,0.178013,3.80,gru,0.174806,0.425535,0.143795
2026-04-01T03:27:18.1041720Z,0.324362,0.520331,0.325014,0.257193,0.679704,0.227440,3.46,gru,0.067169,0.159373,0.097574
2026-04-01T03:27:18.1391782Z,0.325613,0.509913,0.326383,0.275264,0.651461,0.254452,2.04,gru,0.050349,0.141547,0.071931
2026-04-01T03:27:18.1695534Z,0.323403,0.500997,0.327939,0.203812,0.639738,0.237896,2.08,gru,0.119591,0.138741,0.090044
2026-04-01T03:27:18.2042679Z,0.384184,0.446898,0.371031,0.339370,0.606916,0.313596,2.58,gru,0.044815,0.160017,0.057436
2026-04-01T03:27:18.2348453Z,0.384529,0.437071,0.369605,0.321575,0.577309,0.312793,3.24,gru,0.062954,0.140238,0.056811
2026-04-01T03:27:18.2702581Z,0.386113,0.426171,0.370534,0.280624,0.532035,0.291449,3.01,gru,0.105489,0.105864,0.079085
2026-04-01T03:27:18.3041276Z,0.384714,0.418370,0.367650,0.351466,0.519960,0.325352,3.02,gru,0.033248,0.101590,0.042298
2026-04-01T03:27:18.3419873Z,0.385607,0.410249,0.368846,0.372891,0.510464,0.342533,5.33,gru,0.012716,0.100215,0.026313
2026-04-01T03:27:18.3707826Z,0.386165,0.397946,0.370402,0.360134,0.438855,0.353543,4.30,gru,0.026031,0.040909,0.016858
2026-04-01T03:27:18.4123727Z,0.386687,0.391175,0.370444,0.355122,0.408743,0.344890,5.31,gru,0.031565,0.017569,0.025554
2026-04-01T03:27:18.4364104Z,0.385548,0.382409,0.371914,0.376207,0.389322,0.357164,3.69,gru,0.009341,0.006913,0.014750
2026-04-01T03:27:18.4784165Z,0.387228,0.375267,0.373051,0.386533,0.403070,0.367541,3.53,gru,0.000695,0.027802,0.005510
2026-04-01T03:27:18.5083955Z,0.385054,0.367704,0.373463,0.373283,0.362452,0.367599,3.52,gru,0.011772,0.005251,0.005864
2026-04-01T03:27:18.5363501Z,0.386007,0.363239,0.372062,0.377339,0.337495,0.363931,4.74,gru,0.008668,0.025744,0.008132
2026-04-01T03:27:18.5662123Z,0.327517,0.422684,0.309184,0.194778,0.628167,0.180212,3.84,gru,0.132740,0.205482,0.128972
2026-04-01T03:27:18.6038274Z,0.329255,0.415620,0.311518,0.310502,0.474212,0.270005,3.28,gru,0.018753,0.058592,0.041513
2026-04-01T03:27:18.6364262Z,0.175206,0.519656,0.351321,0.056937,0.606944,0.502802,4.05,gru,0.118268,0.087288,0.151481
2026-04-01T03:27:18.6684994Z,0.231760,0.467529,0.349590,0.350491,0.434998,0.417135,4.19,gru,0.118731,0.032531,0.067545
2026-04-01T03:27:18.7050202Z,0.231800,0.460958,0.354319,0.330648,0.450116,0.363752,2.79,gru,0.098848,0.010842,0.009433
2026-04-01T03:27:18.7385653Z,0.231425,0.455363,0.358433,0.231200,0.570249,0.419439,3.66,gru,0.000224,0.114885,0.061006
2026-04-01T03:27:18.7783398Z,0.232004,0.448025,0.362640,0.239718,0.523257,0.421783,3.65,gru,0.007714,0.075233,0.059143
2026-04-01T03:27:18.8048405Z,0.172938,0.470542,0.372643,0.117325,0.546753,0.392326,2.52,gru,0.055613,0.076210,0.019684
2026-04-01T03:27:18.8388793Z,0.230546,0.432285,0.370179,0.292540,0.392245,0.373874,4.06,gru,0.061994,0.040040,0.003694
2026-04-01T03:27:18.8701811Z,0.229673,0.425340,0.371089,0.217000,0.474787,0.388060,3.36,gru,0.012673,0.049447,0.016971
2026-04-01T03:27:18.9039177Z,0.162401,0.444435,0.381686,0.019008,0.728305,0.423481,3.78,gru,0.143393,0.283870,0.041795
2026-04-01T03:27:18.9366851Z,0.231473,0.408768,0.373061,0.213252,0.464703,0.381040,3.40,gru,0.018221,0.055934,0.007978
2026-04-01T03:27:18.9716048Z,0.152036,0.428048,0.385554,0.103909,0.474091,0.404857,3.94,gru,0.048127,0.046043,0.019303
2026-04-01T03:27:19.0022448Z,0.148121,0.419475,0.387124,0.082679,0.525149,0.405361,3.13,gru,0.065443,0.105674,0.018238
2026-04-01T03:27:19.0391359Z,0.150652,0.408888,0.385587,0.179529,0.405774,0.391597,3.54,gru,0.028877,0.003114,0.006010
2026-04-01T03:27:19.0687435Z,0.147926,0.397926,0.386414,0.153685,0.422955,0.382372,3.57,gru,0.005759,0.025028,0.004042
2026-04-01T03:27:19.1021271Z,0.149091,0.388214,0.384413,0.116160,0.406045,0.396031,3.19,gru,0.032931,0.017831,0.011618
2026-04-01T03:27:19.1348770Z,0.171660,0.366025,0.377100,0.179311,0.347902,0.371100,2.52,gru,0.007652,0.018123,0.006000
2026-04-01T03:27:19.1681570Z,0.141740,0.362184,0.382356,0.088714,0.389207,0.398992,2.56,gru,0.053026,0.027023,0.016636
2026-04-01T03:27:19.2054889Z,0.138658,0.350879,0.380615,0.133104,0.343876,0.377995,3.53,gru,0.005554,0.007003,0.002620
2026-04-01T03:27:19.2388841Z,0.135899,0.338069,0.377661,0.164743,0.302545,0.362580,3.16,gru,0.028844,0.035525,0.015081
2026-04-01T03:27:19.2714761Z,0.154342,0.320435,0.368944,0.174310,0.326159,0.352642,3.62,gru,0.019968,0.005724,0.016302
2026-04-01T03:27:19.3061760Z,0.158555,0.309035,0.365102,0.149842,0.320027,0.365486,3.89,gru,0.008713,0.010993,0.000384
2026-04-01T03:27:19.3455094Z,0.158581,0.295450,0.360932,0.136082,0.305039,0.363904,4.83,gru,0.022499,0.009589,0.002971
2026-04-01T03:27:19.3715956Z,0.153747,0.283620,0.357426,0.154540,0.268239,0.354257,3.26,gru,0.000794,0.015381,0.003169
2026-04-01T03:27:19.4083201Z,0.146580,0.270315,0.354915,0.147136,0.251256,0.352965,5.19,gru,0.000555,0.019058,0.001950
2026-04-01T03:27:19.4416907Z,0.141741,0.258095,0.351791,0.133195,0.272928,0.353268,3.77,gru,0.008545,0.014833,0.001477
2026-04-01T03:27:19.4699722Z,0.142793,0.244389,0.348341,0.149809,0.230499,0.347401,4.55,gru,0.007016,0.013891,0.000940
2026-04-01T03:27:19.5038021Z,0.140206,0.231269,0.344162,0.144502,0.214511,0.342617,3.33,gru,0.004296,0.016758,0.001545
2026-04-01T03:27:19.5357005Z,0.135136,0.219263,0.340537,0.127096,0.223768,0.339229,3.82,gru,0.008041,0.004504,0.001309
2026-04-01T03:27:19.5703862Z,0.131982,0.206897,0.336128,0.134073,0.192605,0.335189,3.04,gru,0.002090,0.014292,0.000939
2026-04-01T03:27:19.6046389Z,0.130215,0.195344,0.331336,0.135670,0.191349,0.329745,2.63,gru,0.005455,0.003994,0.001591
2026-04-01T03:27:19.6435665Z,0.119539,0.184416,0.327032,0.109139,0.186795,0.327639,5.60,gru,0.010400,0.002380,0.000607
2026-04-01T03:27:19.6714692Z,0.118365,0.174200,0.322482,0.120130,0.166946,0.322950,3.53,gru,0.001766,0.007255,0.000468
2026-04-01T03:27:19.7053196Z,0.115199,0.163839,0.317141,0.120765,0.158826,0.316691,2.51,gru,0.005565,0.005013,0.000450
2026-04-01T03:27:19.7385163Z,0.114041,0.152027,0.310774,0.113708,0.147532,0.308617,3.68,gru,0.000333,0.004495,0.002156
2026-04-01T03:27:19.7694461Z,0.124652,0.140406,0.317700,0.141423,0.136352,0.335518,4.51,gru,0.016771,0.004054,0.017818
2026-04-01T03:27:19.8044267Z,0.106026,0.134275,0.298558,0.079476,0.140513,0.274985,3.59,gru,0.026550,0.006239,0.023574
2026-04-01T03:27:19.8373829Z,0.117322,0.123946,0.304893,0.125833,0.116770,0.309770,4.16,gru,0.008511,0.007176,0.004876
2026-04-01T03:27:19.8710821Z,0.114655,0.117963,0.300608,0.124868,0.115954,0.313884,3.22,gru,0.010214,0.002009,0.013276
2026-04-01T03:27:19.9061178Z,0.113678,0.110050,0.295862,0.099399,0.108868,0.286102,4.02,gru,0.014278,0.001182,0.009760
2026-04-01T03:27:19.9365345Z,0.113730,0.103690,0.289967,0.110007,0.093298,0.284119,3.65,gru,0.003723,0.010392,0.005848
2026-04-01T03:27:19.9697415Z,0.114824,0.098930,0.284109,0.115637,0.092299,0.282382,4.79,gru,0.000813,0.006631,0.001727
2026-04-01T03:27:20.0027155Z,0.104769,0.091850,0.277918,0.091765,0.088701,0.278736,3.43,gru,0.013005,0.003149,0.000818
2026-04-01T03:27:20.0365645Z,0.109119,0.088102,0.273567,0.110854,0.080816,0.272838,4.46,gru,0.001735,0.007286,0.000729
2026-04-01T03:27:20.0757184Z,0.112114,0.082651,0.268610,0.119949,0.075942,0.266171,4.51,gru,0.007835,0.006709,0.002439
2026-04-01T03:27:20.1021296Z,0.111301,0.080081,0.263857,0.105032,0.083166,0.262654,2.14,gru,0.006269,0.003085,0.001203
2026-04-01T03:27:20.1364156Z,0.113632,0.075588,0.259517,0.112177,0.074007,0.259577,3.60,gru,0.001455,0.001581,0.000060
2026-04-01T03:27:20.1680493Z,0.114806,0.069865,0.247381,0.117116,0.062214,0.236696,2.72,gru,0.002310,0.007651,0.010684
2026-04-01T03:27:20.2037693Z,0.111873,0.068859,0.250884,0.107116,0.080090,0.263526,2.00,gru,0.004757,0.011231,0.012642
2026-04-01T03:27:20.2383217Z,0.111949,0.066494,0.246858,0.110702,0.071747,0.251241,4.09,gru,0.001247,0.005253,0.004383
2026-04-01T03:27:20.2736504Z,0.111916,0.063427,0.243492,0.114859,0.063037,0.237599,7.50,gru,0.002943,0.000390,0.005893
2026-04-01T03:27:20.3093276Z,0.111667,0.060951,0.239960,0.110473,0.063963,0.237231,5.80,gru,0.001194,0.003012,0.002729
2026-04-01T03:27:20.3502718Z,0.111974,0.058126,0.236649,0.110444,0.065643,0.236778,6.63,gru,0.001530,0.007517,0.000129
2026-04-01T03:27:20.3718311Z,0.112247,0.056531,0.233453,0.112224,0.063675,0.232902,3.76,gru,0.000023,0.007144,0.000551
2026-04-01T03:27:20.4110331Z,0.113797,0.053369,0.232519,0.116144,0.055288,0.232007,6.19,gru,0.002346,0.001919,0.000512
2026-04-01T03:27:20.4350188Z,0.112766,0.049930,0.228327,0.111208,0.053065,0.222770,2.84,gru,0.001558,0.003135,0.005557
2026-04-01T03:27:20.4715129Z,0.115612,0.048773,0.225622,0.116683,0.055051,0.222527,2.80,gru,0.001070,0.006277,0.003095
2026-04-01T03:27:20.5146897Z,0.116058,0.045252,0.223330,0.117890,0.050827,0.223309,10.73,gru,0.001832,0.005575,0.000022
2026-04-01T03:27:20.5392537Z,0.116787,0.043815,0.220220,0.116517,0.047996,0.216457,2.81,gru,0.000271,0.004180,0.003763
2026-04-01T03:27:20.5690023Z,0.116538,0.041973,0.217261,0.116133,0.046397,0.213049,4.35,gru,0.000405,0.004424,0.004212
2026-04-01T03:27:20.6082971Z,0.113773,0.039005,0.213705,0.111664,0.043332,0.210138,4.31,gru,0.002109,0.004327,0.003566
2026-04-01T03:27:20.6361663Z,0.111713,0.037465,0.211781,0.110132,0.043700,0.210379,3.60,gru,0.001581,0.006235,0.001402
2026-04-01T03:27:20.6707107Z,0.113220,0.034989,0.208269,0.116955,0.038570,0.204553,3.89,gru,0.003735,0.003581,0.003716
2026-04-01T03:27:20.7060985Z,0.115299,0.033273,0.207794,0.119634,0.038055,0.206469,3.36,gru,0.004335,0.004782,0.001325
2026-04-01T03:27:20.7386988Z,0.116519,0.029413,0.197768,0.118316,0.032246,0.185609,3.98,gru,0.001797,0.002833,0.012159
2026-04-01T03:27:20.7685063Z,0.116615,0.027853,0.195632,0.116525,0.035204,0.192161,3.05,gru,0.000090,0.007351,0.003471
2026-04-01T03:27:20.8035719Z,0.116591,0.026733,0.193394,0.117765,0.035519,0.196586,2.75,gru,0.001174,0.008786,0.003192
2026-04-01T03:27:20.8369184Z,0.117549,0.026246,0.191930,0.121144,0.032319,0.189396,3.55,gru,0.003595,0.006073,0.002534
2026-04-01T03:27:20.8712882Z,0.114450,0.024752,0.189273,0.113661,0.030258,0.183623,3.61,gru,0.000788,0.005507,0.005649
2026-04-01T03:27:20.9034824Z,0.112229,0.025555,0.192875,0.110422,0.035636,0.197581,3.71,gru,0.001807,0.010081,0.004706
2026-04-01T03:27:20.9445777Z,0.114768,0.022993,0.185096,0.120965,0.025967,0.177425,5.43,gru,0.006197,0.002973,0.007671
2026-04-01T03:27:20.9695709Z,0.113800,0.022502,0.181492,0.116150,0.028530,0.172198,3.41,gru,0.002350,0.006028,0.009294
2026-04-01T03:27:21.0029777Z,0.114462,0.020835,0.178973,0.115267,0.030941,0.180225,4.42,gru,0.000805,0.010106,0.001252
2026-04-01T03:27:21.0350904Z,0.118263,0.019962,0.177086,0.124341,0.026014,0.175927,3.90,gru,0.006077,0.006052,0.001158
2026-04-01T03:27:21.0730734Z,0.121529,0.019217,0.175774,0.127483,0.026334,0.172478,4.27,gru,0.005954,0.007116,0.003296
2026-04-01T03:27:21.1090646Z,0.119458,0.018775,0.172422,0.118475,0.027813,0.165645,3.51,gru,0.000983,0.009039,0.006777
2026-04-01T03:27:21.1359745Z,0.122283,0.018063,0.170990,0.125373,0.024710,0.167982,4.70,gru,0.003090,0.006647,0.003008
2026-04-01T03:27:21.1781472Z,0.123903,0.018449,0.169790,0.129336,0.026370,0.168696,5.29,gru,0.005433,0.007922,0.001094
2026-04-01T03:27:21.2049911Z,0.123600,0.017210,0.168317,0.125245,0.025518,0.164393,4.54,gru,0.001645,0.008308,0.003923
2026-04-01T03:27:21.2387326Z,0.125984,0.015753,0.167252,0.129798,0.021985,0.163298,4.70,gru,0.003814,0.006232,0.003954
2026-04-01T03:27:21.2696527Z,0.127303,0.015719,0.166433,0.131072,0.024757,0.164077,3.80,gru,0.003769,0.009038,0.002356
2026-04-01T03:27:21.3027314Z,0.122258,0.014221,0.160101,0.119618,0.023828,0.150311,3.96,gru,0.002640,0.009607,0.009789
2026-04-01T03:27:21.3398951Z,0.123653,0.012946,0.157434,0.126071,0.019372,0.151483,5.20,gru,0.002418,0.006426,0.005951
2026-04-01T03:27:21.3793525Z,0.124207,0.012514,0.154882,0.129020,0.020370,0.152848,4.15,gru,0.004813,0.007856,0.002034
2026-04-01T03:27:21.4091571Z,0.126793,0.012493,0.153260,0.131069,0.021875,0.149721,5.03,gru,0.004276,0.009382,0.003539
2026-04-01T03:27:21.4366505Z,0.123394,0.010375,0.148129,0.123428,0.018528,0.139571,4.13,gru,0.000034,0.008154,0.008558
2026-04-01T03:27:21.4683451Z,0.123703,0.010530,0.144823,0.124696,0.018683,0.138111,4.03,gru,0.000993,0.008153,0.006713
2026-04-01T03:27:21.5135622Z,0.124692,0.011159,0.142553,0.129004,0.020731,0.140195,7.22,gru,0.004312,0.009572,0.002358
2026-04-01T03:27:21.5337796Z,0.128249,0.011583,0.141668,0.134355,0.021465,0.139648,3.27,gru,0.006106,0.009882,0.002021
2026-04-01T03:27:21.5696304Z,0.127605,0.011888,0.136790,0.130230,0.021226,0.128306,3.55,gru,0.002624,0.009338,0.008483
2026-04-01T03:27:21.6109001Z,0.128581,0.014282,0.132606,0.130351,0.025481,0.124109,5.12,gru,0.001771,0.011199,0.008497
2026-04-01T03:27:21.6381413Z,0.131542,0.013704,0.132290,0.137231,0.022719,0.132301,4.05,gru,0.005688,0.009015,0.000011
2026-04-01T03:27:21.6674698Z,0.133837,0.015598,0.126933,0.139159,0.024790,0.120129,3.61,gru,0.005322,0.009191,0.006804
2026-04-01T03:27:21.7075574Z,0.136502,0.017981,0.120620,0.140893,0.029391,0.108783,2.90,gru,0.004391,0.011410,0.011836
2026-04-01T03:27:21.7363447Z,0.139927,0.020159,0.117737,0.145404,0.031018,0.113860,3.02,gru,0.005477,0.010859,0.003878
2026-04-01T03:27:21.7711231Z,0.142714,0.021409,0.119271,0.148034,0.031575,0.123002,3.55,gru,0.005321,0.010166,0.003731
2026-04-01T03:27:21.8060893Z,0.145379,0.022973,0.116830,0.150150,0.032043,0.112216,3.51,gru,0.004771,0.009070,0.004614
2026-04-01T03:27:21.8342261Z,0.139186,0.024031,0.104059,0.137324,0.036591,0.083335,2.76,gru,0.001863,0.012560,0.020724
2026-04-01T03:27:21.8710107Z,0.149132,0.026639,0.113314,0.155337,0.038892,0.123495,4.29,gru,0.006204,0.012253,0.010181
2026-04-01T03:27:21.9066935Z,0.150188,0.029110,0.112390,0.157251,0.039286,0.118093,2.50,gru,0.007064,0.010176,0.005704
2026-04-01T03:27:21.9375696Z,0.152221,0.030866,0.113832,0.152647,0.041361,0.105986,3.05,gru,0.000426,0.010495,0.007846
2026-04-01T03:27:21.9695659Z,0.153698,0.033738,0.113971,0.155996,0.042911,0.109888,3.74,gru,0.002298,0.009173,0.004083
2026-04-01T03:27:22.0168989Z,0.153786,0.034066,0.113148,0.155758,0.041280,0.109882,8.57,gru,0.001972,0.007214,0.003266
2026-04-01T03:27:22.0442360Z,0.154547,0.034717,0.113610,0.157214,0.041742,0.113702,4.37,gru,0.002668,0.007025,0.000092
2026-04-01T03:27:22.0702227Z,0.154913,0.036381,0.113315,0.157025,0.044818,0.110530,3.09,gru,0.002112,0.008437,0.002785
2026-04-01T03:27:22.1043949Z,0.154906,0.037919,0.113181,0.156757,0.046043,0.109459,2.75,gru,0.001851,0.008123,0.003722
2026-04-01T03:27:22.1365675Z,0.167261,0.042843,0.133068,0.179770,0.054613,0.157935,3.42,gru,0.012509,0.011770,0.024868
2026-04-01T03:27:22.1711539Z,0.165957,0.042661,0.130989,0.168051,0.050038,0.128970,2.16,gru,0.002094,0.007377,0.002019
2026-04-01T03:27:22.2039966Z,0.165925,0.043658,0.130693,0.161609,0.050198,0.115620,2.89,gru,0.004316,0.006540,0.015073
2026-04-01T03:27:22.2497585Z,0.166417,0.043756,0.132581,0.166476,0.051841,0.137766,9.50,gru,0.000059,0.008085,0.005184
2026-04-01T03:27:22.2736458Z,0.165159,0.043652,0.130374,0.165268,0.049300,0.130727,4.62,gru,0.000109,0.005648,0.000353
2026-04-01T03:27:22.3013558Z,0.163728,0.044418,0.127663,0.162595,0.051112,0.122064,4.92,gru,0.001133,0.006694,0.005600
2026-04-01T03:27:22.3355587Z,0.163217,0.045698,0.127346,0.162750,0.051766,0.124980,2.54,gru,0.000467,0.006068,0.002366
2026-04-01T03:27:22.3738850Z,0.159985,0.046459,0.120829,0.158171,0.050555,0.113184,4.30,gru,0.001814,0.004097,0.007645
2026-04-01T03:27:22.4094437Z,0.159085,0.046345,0.120095,0.158804,0.051047,0.119054,4.54,gru,0.000282,0.004702,0.001041
2026-04-01T03:27:22.4364920Z,0.157654,0.047347,0.117291,0.158263,0.053667,0.116520,4.65,gru,0.000609,0.006319,0.000770
2026-04-01T03:27:22.4735483Z,0.156999,0.047500,0.116908,0.157799,0.051079,0.114370,3.55,gru,0.000800,0.003579,0.002538
2026-04-01T03:27:22.5070335Z,0.152029,0.044232,0.111594,0.150737,0.046294,0.105503,5.02,gru,0.001292,0.002062,0.006091
2026-04-01T03:27:22.5397483Z,0.151108,0.045371,0.109051,0.150523,0.050155,0.104698,3.13,gru,0.000585,0.004785,0.004352
2026-04-01T03:27:22.5695868Z,0.149820,0.045595,0.108028,0.151437,0.052310,0.109045,4.12,gru,0.001617,0.006715,0.001018
2026-04-01T03:27:22.6084844Z,0.149585,0.045444,0.108046,0.151864,0.049460,0.108132,4.78,gru,0.002280,0.004017,0.000086
2026-04-01T03:27:22.6351358Z,0.157510,0.049011,0.120401,0.166586,0.054724,0.134462,3.51,gru,0.009076,0.005713,0.014061
2026-04-01T03:27:22.6726953Z,0.157238,0.049222,0.120394,0.160472,0.054665,0.118934,3.71,gru,0.003234,0.005443,0.001460
2026-04-01T03:27:22.7043940Z,0.157252,0.048282,0.120573,0.157154,0.049949,0.112192,3.15,gru,0.000098,0.001666,0.008381
2026-04-01T03:27:22.7391065Z,0.157394,0.048872,0.120380,0.158743,0.050174,0.120394,3.91,gru,0.001349,0.001302,0.000014
2026-04-01T03:27:22.7671983Z,0.157307,0.048569,0.120248,0.159280,0.052824,0.121101,3.54,gru,0.001973,0.004256,0.000852
2026-04-01T03:27:22.8016828Z,0.157546,0.048960,0.119948,0.159693,0.051935,0.118833,3.11,gru,0.002147,0.002975,0.001115
2026-04-01T03:27:22.8447260Z,0.157639,0.048167,0.120148,0.159277,0.049409,0.118152,5.74,gru,0.001639,0.001242,0.001996
2026-04-01T03:27:22.8781588Z,0.158144,0.048405,0.120031,0.159668,0.050786,0.118924,4.04,gru,0.001525,0.002380,0.001106
2026-04-01T03:27:22.9110906Z,0.158070,0.047542,0.120385,0.159479,0.049800,0.120508,6.11,gru,0.001409,0.002259,0.000123
2026-04-01T03:27:22.9375370Z,0.158156,0.047828,0.120089,0.159636,0.050352,0.119118,5.69,gru,0.001480,0.002525,0.000971
2026-04-01T03:27:22.9694587Z,0.158171,0.045342,0.123805,0.160111,0.047197,0.127330,3.84,gru,0.001939,0.001855,0.003525
2026-04-01T03:27:23.0072558Z,0.158610,0.047850,0.119985,0.159871,0.052859,0.114806,3.62,gru,0.001261,0.005009,0.005179
2026-04-01T03:27:23.0468341Z,0.158962,0.047300,0.120122,0.161047,0.051509,0.117373,4.63,gru,0.002086,0.004209,0.002749
2026-04-01T03:27:23.0712719Z,0.159256,0.044842,0.123846,0.161569,0.047395,0.131613,5.04,gru,0.002313,0.002553,0.007767
2026-04-01T03:27:23.1055500Z,0.159490,0.045072,0.123745,0.160658,0.048745,0.123010,3.81,gru,0.001168,0.003672,0.000735
2026-04-01T03:27:23.1391593Z,0.161847,0.048174,0.123438,0.164731,0.055492,0.119179,3.85,gru,0.002884,0.007318,0.004259
2026-04-01T03:27:23.1685452Z,0.163209,0.049100,0.125962,0.167032,0.054952,0.128896,3.86,gru,0.003823,0.005852,0.002934
2026-04-01T03:27:23.2083386Z,0.163306,0.048919,0.126374,0.164923,0.049974,0.127719,3.28,gru,0.001617,0.001055,0.001345
2026-04-01T03:27:23.2349989Z,0.163430,0.048998,0.126757,0.164071,0.049209,0.124821,2.52,gru,0.000641,0.000211,0.001936
2026-04-01T03:27:23.2687364Z,0.163995,0.049252,0.128781,0.165926,0.053919,0.130002,3.23,gru,0.001931,0.004667,0.001221
2026-04-01T03:27:23.3061800Z,0.163971,0.049332,0.129250,0.165944,0.053122,0.129344,2.51,gru,0.001973,0.003790,0.000094
2026-04-01T03:27:23.3428111Z,0.163865,0.048625,0.129501,0.165245,0.050331,0.128459,4.12,gru,0.001381,0.001706,0.001042
2026-04-01T03:27:23.3709616Z,0.163919,0.049788,0.129146,0.164876,0.053686,0.127519,3.10,gru,0.000958,0.003898,0.001627
2026-04-01T03:27:23.4036379Z,0.163451,0.049296,0.129772,0.164528,0.053215,0.129756,3.11,gru,0.001076,0.003919,0.000016
2026-04-01T03:27:23.4383029Z,0.162080,0.049066,0.126879,0.162477,0.051875,0.123105,3.53,gru,0.000397,0.002810,0.003774
2026-04-01T03:27:23.4699829Z,0.161583,0.049690,0.126439,0.162215,0.053729,0.124531,3.65,gru,0.000632,0.004038,0.001908
2026-04-01T03:27:23.5132375Z,0.161089,0.049912,0.126341,0.162488,0.054758,0.127294,6.15,gru,0.001399,0.004847,0.000953
2026-04-01T03:27:23.5456433Z,0.160283,0.050157,0.123778,0.161390,0.053920,0.120005,5.87,gru,0.001107,0.003762,0.003773
2026-04-01T03:27:23.5684802Z,0.159800,0.049167,0.123813,0.161112,0.051813,0.122598,2.58,gru,0.001311,0.002646,0.001215
2026-04-01T03:27:23.6065685Z,0.159287,0.049046,0.123602,0.160414,0.053393,0.124060,3.50,gru,0.001127,0.004347,0.000458
2026-04-01T03:27:23.6400783Z,0.159295,0.049667,0.123412,0.160907,0.054953,0.122256,3.51,gru,0.001612,0.005285,0.001156
2026-04-01T03:27:23.6700289Z,0.159042,0.047932,0.124009,0.161280,0.049992,0.123783,3.17,gru,0.002238,0.002060,0.000226
2026-04-01T03:27:23.7089435Z,0.159117,0.048580,0.123451,0.160712,0.051643,0.121724,5.00,gru,0.001594,0.003063,0.001727
2026-04-01T03:27:23.7418288Z,0.158786,0.048420,0.121335,0.160093,0.052128,0.117440,4.41,gru,0.001306,0.003709,0.003895
2026-04-01T03:27:23.7790917Z,0.158749,0.047502,0.121502,0.160783,0.050153,0.121448,3.71,gru,0.002034,0.002651,0.000053
2026-04-01T03:27:23.8026705Z,0.158829,0.046822,0.121803,0.160912,0.049669,0.122629,4.04,gru,0.002083,0.002847,0.000825
2026-04-01T03:27:23.8354950Z,0.158990,0.048581,0.121274,0.160551,0.054004,0.119051,4.68,gru,0.001561,0.005422,0.002223
2026-04-01T03:27:23.8696913Z,0.158893,0.046885,0.121472,0.161192,0.049237,0.120293,3.71,gru,0.002299,0.002352,0.001179
2026-04-01T03:27:23.9029032Z,0.158848,0.047503,0.121398,0.160666,0.050250,0.120824,3.89,gru,0.001819,0.002747,0.000574
2026-04-01T03:27:23.9376389Z,0.158736,0.047366,0.121330,0.160229,0.051200,0.120385,2.01,gru,0.001493,0.003835,0.000945
2026-04-01T03:27:23.9707314Z,0.158756,0.046924,0.121444,0.160823,0.049578,0.120777,3.38,gru,0.002067,0.002654,0.000667
2026-04-01T03:27:24.0023964Z,0.158873,0.047153,0.121458,0.160855,0.050329,0.120455,3.11,gru,0.001982,0.003175,0.001003
2026-04-01T03:27:24.0364383Z,0.158558,0.045629,0.121961,0.160247,0.047889,0.121819,2.63,gru,0.001689,0.002261,0.000143
2026-04-01T03:27:24.0693648Z,0.158771,0.046657,0.121369,0.160327,0.050351,0.119815,3.52,gru,0.001556,0.003693,0.001554
2026-04-01T03:27:24.1048158Z,0.159059,0.046675,0.121475,0.161206,0.050671,0.120365,3.50,gru,0.002147,0.003996,0.001110
2026-04-01T03:27:24.1411963Z,0.159370,0.047080,0.121351,0.161646,0.050474,0.120819,3.99,gru,0.002276,0.003394,0.000531
2026-04-01T03:27:24.1749747Z,0.159250,0.045629,0.121764,0.161059,0.047575,0.121425,4.85,gru,0.001809,0.001946,0.000339
2026-04-01T03:27:24.2093652Z,0.159460,0.045944,0.121647,0.160994,0.049446,0.120604,4.46,gru,0.001533,0.003501,0.001043
2026-04-01T03:27:24.2370882Z,0.160729,0.046429,0.124659,0.163591,0.051485,0.127418,5.43,gru,0.002861,0.005056,0.002759
2026-04-01T03:27:24.2691606Z,0.161901,0.045728,0.127236,0.165315,0.048510,0.130015,2.16,gru,0.003414,0.002781,0.002779
2026-04-01T03:27:24.3051879Z,0.162352,0.046676,0.127644,0.164004,0.050098,0.125369,4.05,gru,0.001652,0.003422,0.002275
2026-04-01T03:27:24.3365207Z,0.162514,0.046102,0.127891,0.163892,0.049665,0.125898,4.21,gru,0.001378,0.003563,0.001993
2026-04-01T03:27:24.3733331Z,0.162725,0.046627,0.128082,0.164468,0.050445,0.128115,3.62,gru,0.001744,0.003817,0.000032
2026-04-01T03:27:24.4085696Z,0.162612,0.045329,0.128433,0.164339,0.047748,0.128640,4.37,gru,0.001727,0.002418,0.000207
2026-04-01T03:27:24.4443089Z,0.163554,0.046736,0.130257,0.165639,0.050973,0.131494,4.03,gru,0.002086,0.004238,0.001237
2026-04-01T03:27:24.4719465Z,0.163629,0.045968,0.130358,0.165519,0.049529,0.129189,4.45,gru,0.001890,0.003561,0.001169
2026-04-01T03:27:24.5061628Z,0.163917,0.045894,0.130353,0.165538,0.048497,0.128533,4.05,gru,0.001620,0.002603,0.001820
2026-04-01T03:27:24.5391542Z,0.162979,0.045963,0.127293,0.163360,0.049847,0.122868,2.01,gru,0.000382,0.003884,0.004425
2026-04-01T03:27:24.5703947Z,0.162980,0.044348,0.128126,0.164370,0.047255,0.128784,2.94,gru,0.001390,0.002906,0.000658
2026-04-01T03:27:24.6068761Z,0.163711,0.045031,0.128054,0.166055,0.049174,0.129178,4.82,gru,0.002343,0.004144,0.001123
2026-04-01T03:27:24.6473310Z,0.163917,0.044369,0.128754,0.165789,0.048337,0.127825,3.51,gru,0.001872,0.003968,0.000929
2026-04-01T03:27:24.6786034Z,0.161556,0.044207,0.122669,0.160910,0.047730,0.113919,5.68,gru,0.000646,0.003523,0.008750
2026-04-01T03:27:24.7057763Z,0.160332,0.043051,0.120013,0.160171,0.046048,0.115329,3.42,gru,0.000162,0.002997,0.004684
2026-04-01T03:27:24.7408011Z,0.160826,0.042262,0.120732,0.163203,0.046251,0.125529,3.30,gru,0.002377,0.003989,0.004797
