timestamp,actual_x,actual_y,actual_z,predicted_x,predicted_y,predicted_z,inference_ms,model_name,abs_err_x,abs_err_y,abs_err_z
2026-04-03T21:13:09.9110052Z,0.028005,0.026168,0.010583,0.028005,0.026168,0.010583,7.05,gru,0.000000,0.000000,0.000000
2026-04-03T21:13:09.9499626Z,0.028477,0.026740,0.010939,0.028477,0.026740,0.010939,4.34,gru,0.000000,0.000000,0.000000
2026-04-03T21:13:09.9859009Z,0.029060,0.026309,0.010709,0.029060,0.026309,0.010709,5.57,gru,0.000000,0.000000,0.000000
2026-04-03T21:13:10.0123097Z,0.029826,0.029230,0.015559,0.109060,0.027150,0.032426,7.08,gru,0.079235,0.002080,0.016867
2026-04-03T21:13:10.0469508Z,0.028941,0.026515,0.011619,0.108474,0.020364,0.026613,6.55,gru,0.079533,0.006152,0.014993
2026-04-03T21:13:10.0791667Z,0.029956,0.027628,0.012810,0.107896,0.018453,0.025311,7.94,gru,0.077941,0.009175,0.012501
2026-04-03T21:13:10.1106373Z,0.029561,0.026234,0.011973,0.107633,0.015661,0.023642,4.36,gru,0.078072,0.010573,0.011669
2026-04-03T21:13:10.1439700Z,0.029756,0.026767,0.012870,0.108050,0.014915,0.023199,6.62,gru,0.078294,0.011852,0.010329
2026-04-03T21:13:10.1810882Z,0.030502,0.026557,0.013276,0.105780,0.014042,0.024951,5.16,gru,0.075278,0.012514,0.011675
2026-04-03T21:13:10.2077359Z,0.031902,0.028022,0.013765,0.105834,0.014441,0.021753,5.03,gru,0.073931,0.013581,0.007988
2026-04-03T21:13:10.2498252Z,0.031186,0.027454,0.012517,0.107581,0.012466,0.019493,7.19,gru,0.076396,0.014987,0.006976
2026-04-03T21:13:10.2807115Z,0.032230,0.027122,0.013444,0.107493,0.011200,0.021534,9.09,gru,0.075263,0.015922,0.008090
2026-04-03T21:13:10.3246545Z,0.030806,0.026260,0.011911,0.104113,0.011606,0.018106,9.53,gru,0.073307,0.014654,0.006195
2026-04-03T21:13:10.3591989Z,0.031221,0.026524,0.013380,0.105946,0.010880,0.020087,5.48,gru,0.074724,0.015644,0.006706
2026-04-03T21:13:10.3761005Z,0.029724,0.027899,0.009725,0.108265,0.010883,0.014655,4.33,gru,0.078541,0.017016,0.004930
2026-04-03T21:13:10.4125072Z,0.028863,0.027269,0.009461,0.102702,0.012423,0.014447,4.08,gru,0.073839,0.014846,0.004986
2026-04-03T21:13:10.4388356Z,0.030758,0.029254,0.010205,0.096691,0.018397,0.016849,2.85,gru,0.065934,0.010857,0.006644
2026-04-03T21:13:10.4854950Z,0.029338,0.026701,0.006999,0.113108,0.007630,0.011992,11.23,gru,0.083769,0.019071,0.004993
2026-04-03T21:13:10.5262732Z,0.031154,0.030050,0.010803,0.107021,0.014982,0.019143,8.03,gru,0.075867,0.015068,0.008340
2026-04-03T21:13:10.5505560Z,0.030604,0.029412,0.008610,0.107862,0.013606,0.014528,4.07,gru,0.077257,0.015806,0.005918
2026-04-03T21:13:10.5853875Z,0.020724,0.027325,-0.008872,0.110172,0.014724,-0.012879,4.75,gru,0.089448,0.012601,0.004007
2026-04-03T21:13:10.6161221Z,0.029309,0.026116,0.006530,0.105526,0.013751,0.025553,4.09,gru,0.076216,0.012365,0.019023
2026-04-03T21:13:10.6514125Z,0.031638,0.026655,0.007506,0.109350,0.011377,0.022373,5.57,gru,0.077713,0.015278,0.014868
2026-04-03T21:13:10.6915407Z,0.032010,0.026908,0.008060,0.109580,0.015634,0.010906,6.87,gru,0.077570,0.011275,0.002846
2026-04-03T21:13:10.7266335Z,0.031929,0.026456,0.007447,0.109834,0.011836,0.014056,5.80,gru,0.077905,0.014620,0.006609
2026-04-03T21:13:10.7547192Z,0.023592,0.024988,-0.006485,0.112556,0.011457,-0.007416,5.39,gru,0.088964,0.013531,0.000931
2026-04-03T21:13:10.7808626Z,0.034463,0.026949,0.006878,0.110205,0.013617,0.023765,6.14,gru,0.075743,0.013332,0.016886
2026-04-03T21:13:10.8040012Z,0.034387,0.026939,0.008129,0.112362,0.011574,0.022513,4.38,gru,0.077975,0.015365,0.014383
2026-04-03T21:13:10.8443815Z,0.033630,0.026702,0.006777,0.111451,0.014249,0.008928,5.58,gru,0.077822,0.012453,0.002151
2026-04-03T21:13:10.8783411Z,0.010514,0.015711,-0.011869,0.111592,0.005399,-0.013954,6.43,gru,0.101079,0.010312,0.002085
2026-04-03T21:13:10.9100874Z,0.009527,0.010545,-0.008426,0.108840,0.003149,0.005964,4.16,gru,0.099313,0.007397,0.014391
2026-04-03T21:13:10.9456362Z,0.010612,0.005464,-0.004996,0.110210,0.001126,0.015147,5.94,gru,0.099598,0.004338,0.020142
2026-04-03T21:13:10.9770418Z,0.011086,0.001798,-0.002275,0.113987,-0.001671,0.010829,6.87,gru,0.102901,0.003469,0.013104
2026-04-03T21:13:11.0119828Z,0.009034,-0.002669,0.004181,0.116161,-0.004582,0.019402,6.40,gru,0.107127,0.001913,0.015221
2026-04-03T21:13:11.0467863Z,0.006694,-0.005093,0.011941,0.116240,-0.003918,0.028489,3.50,gru,0.109546,0.001175,0.016548
2026-04-03T21:13:11.0756056Z,0.006817,-0.006078,0.021998,0.116475,-0.002504,0.039152,5.54,gru,0.109658,0.003573,0.017154
2026-04-03T21:13:11.1073196Z,0.005666,-0.006722,0.031404,0.115977,-0.001607,0.046994,4.74,gru,0.110311,0.005116,0.015590
2026-04-03T21:13:11.1511806Z,0.003553,-0.007126,0.039253,0.110973,-0.001458,0.051529,9.12,gru,0.107420,0.005668,0.012276
2026-04-03T21:13:11.1869893Z,0.002446,-0.003363,0.043091,0.109716,0.002755,0.051703,5.97,gru,0.107270,0.006118,0.008612
2026-04-03T21:13:11.2241354Z,0.002125,-0.002424,0.051136,0.110207,0.003419,0.062468,5.11,gru,0.108082,0.005843,0.011331
2026-04-03T21:13:11.2433114Z,0.001733,0.000690,0.055759,0.105692,0.004844,0.065132,5.71,gru,0.103959,0.004154,0.009373
2026-04-03T21:13:11.2805776Z,0.001337,0.003184,0.059906,0.102035,0.007358,0.065762,4.18,gru,0.100698,0.004174,0.005856
2026-04-03T21:13:11.3154459Z,0.000852,0.007331,0.064247,0.095696,0.010834,0.070350,6.15,gru,0.094845,0.003503,0.006103
2026-04-03T21:13:11.3620891Z,0.008752,0.014545,0.072653,0.093801,0.016989,0.079332,10.79,gru,0.085049,0.002443,0.006679
2026-04-03T21:13:11.3943388Z,0.008172,0.018164,0.076458,0.090003,0.018380,0.079354,7.28,gru,0.081831,0.000216,0.002895
2026-04-03T21:13:11.4208220Z,0.008536,0.023613,0.080897,0.081468,0.023833,0.080841,5.97,gru,0.072932,0.000220,0.000056
2026-04-03T21:13:11.4394855Z,0.007488,0.027434,0.085039,0.073873,0.027306,0.085799,4.11,gru,0.066385,0.000129,0.000761
2026-04-03T21:13:11.4738304Z,0.007838,0.030150,0.089224,0.066523,0.029874,0.088943,3.01,gru,0.058685,0.000275,0.000282
2026-04-03T21:13:11.5103700Z,0.007518,0.033173,0.092830,0.064169,0.031212,0.090586,3.27,gru,0.056651,0.001962,0.002243
2026-04-03T21:13:11.5460268Z,0.006535,0.034914,0.095467,0.058375,0.032495,0.090982,4.77,gru,0.051840,0.002419,0.004485
2026-04-03T21:13:11.5746233Z,0.006583,0.035732,0.098190,0.054877,0.031684,0.093311,4.15,gru,0.048294,0.004048,0.004879
2026-04-03T21:13:11.6141929Z,0.006637,0.036732,0.100419,0.051381,0.032794,0.095130,4.13,gru,0.044744,0.003937,0.005288
2026-04-03T21:13:11.6460049Z,0.005426,0.038060,0.102771,0.046164,0.035006,0.097246,6.69,gru,0.040739,0.003054,0.005524
2026-04-03T21:13:11.6856279Z,0.006749,0.037938,0.105119,0.046078,0.031623,0.099179,8.18,gru,0.039329,0.006315,0.005940
2026-04-03T21:13:11.7135179Z,0.005883,0.036806,0.106884,0.042093,0.029646,0.100388,3.22,gru,0.036210,0.007160,0.006497
2026-04-03T21:13:11.7501095Z,0.006820,0.037857,0.107864,0.039896,0.032706,0.100607,6.99,gru,0.033076,0.005152,0.007257
2026-04-03T21:13:11.7817884Z,0.008207,0.036567,0.109387,0.040004,0.029629,0.103064,7.44,gru,0.031797,0.006937,0.006322
2026-04-03T21:13:11.8202673Z,0.007751,0.038184,0.110675,0.036221,0.032550,0.104812,8.71,gru,0.028470,0.005634,0.005862
2026-04-03T21:13:11.8605407Z,0.008947,0.038357,0.113315,0.035618,0.031830,0.108673,9.24,gru,0.026671,0.006527,0.004642
2026-04-03T21:13:11.8907911Z,0.009691,0.037493,0.114937,0.035332,0.028509,0.109483,5.32,gru,0.025640,0.008984,0.005454
2026-04-03T21:13:11.9229429Z,0.011074,0.038682,0.118326,0.034755,0.031695,0.114185,7.09,gru,0.023681,0.006987,0.004141
2026-04-03T21:13:11.9552048Z,0.011600,0.040512,0.120997,0.034046,0.033990,0.117042,8.19,gru,0.022446,0.006522,0.003956
2026-04-03T21:13:11.9899263Z,0.011821,0.040973,0.123719,0.032023,0.033790,0.119214,8.30,gru,0.020202,0.007183,0.004505
2026-04-03T21:13:12.0383488Z,0.011742,0.042956,0.126427,0.030538,0.036181,0.122256,16.51,gru,0.018797,0.006775,0.004171
2026-04-03T21:13:12.0603837Z,0.011851,0.043949,0.129810,0.029645,0.037797,0.126636,8.48,gru,0.017794,0.006152,0.003173
2026-04-03T21:13:12.0896991Z,0.010960,0.046846,0.132479,0.027296,0.042238,0.128805,9.15,gru,0.016336,0.004608,0.003675
2026-04-03T21:13:12.1175232Z,0.010971,0.048634,0.135758,0.026939,0.043510,0.132273,5.90,gru,0.015968,0.005123,0.003484
2026-04-03T21:13:12.1490045Z,0.010808,0.049966,0.138534,0.026513,0.043948,0.134923,3.89,gru,0.015705,0.006018,0.003611
2026-04-03T21:13:12.1814309Z,0.010165,0.051879,0.141285,0.024198,0.047804,0.137497,4.92,gru,0.014033,0.004075,0.003788
2026-04-03T21:13:12.2170946Z,0.009102,0.052677,0.145041,0.022147,0.048863,0.143161,3.49,gru,0.013045,0.003814,0.001879
2026-04-03T21:13:12.2502228Z,0.009586,0.054992,0.148712,0.023343,0.051413,0.146621,6.17,gru,0.013757,0.003579,0.002092
2026-04-03T21:13:12.2842300Z,0.011125,0.058064,0.151178,0.025603,0.055705,0.146962,3.82,gru,0.014478,0.002359,0.004216
2026-04-03T21:13:12.3386363Z,0.011450,0.058906,0.154882,0.024028,0.056101,0.152607,6.81,gru,0.012578,0.002805,0.002275
2026-04-03T21:13:12.3608221Z,0.010348,0.060809,0.158592,0.020347,0.058948,0.157604,5.63,gru,0.009999,0.001860,0.000988
2026-04-03T21:13:12.3869587Z,0.009019,0.061117,0.162435,0.018908,0.058366,0.160680,3.97,gru,0.009888,0.002750,0.001755
2026-04-03T21:13:12.4343375Z,0.007842,0.061167,0.166142,0.018121,0.057664,0.164127,5.98,gru,0.010279,0.003503,0.002015
2026-04-03T21:13:12.4576119Z,0.008216,0.063470,0.170502,0.018844,0.062557,0.169408,7.00,gru,0.010628,0.000912,0.001093
2026-04-03T21:13:12.4844193Z,0.009923,0.064168,0.173693,0.021717,0.062084,0.171645,8.17,gru,0.011794,0.002084,0.002048
2026-04-03T21:13:12.5129566Z,0.008926,0.064291,0.178058,0.017451,0.061919,0.177172,4.52,gru,0.008525,0.002372,0.000886
2026-04-03T21:13:12.5517685Z,0.009480,0.065404,0.182106,0.017920,0.064057,0.181540,4.05,gru,0.008440,0.001346,0.000566
2026-04-03T21:13:12.5870552Z,0.009685,0.066128,0.185245,0.019359,0.064415,0.182939,4.97,gru,0.009674,0.001713,0.002305
2026-04-03T21:13:12.6168643Z,0.008319,0.066398,0.188849,0.015529,0.065422,0.187639,4.82,gru,0.007210,0.000976,0.001209
2026-04-03T21:13:12.6465505Z,0.008473,0.067701,0.192611,0.016369,0.066645,0.192223,6.40,gru,0.007896,0.001056,0.000388
2026-04-03T21:13:12.6789804Z,0.014007,0.070633,0.195829,0.027548,0.069586,0.194354,4.73,gru,0.013541,0.001047,0.001474
2026-04-03T21:13:12.7117344Z,0.014834,0.071306,0.200132,0.023454,0.072122,0.200091,6.01,gru,0.008620,0.000816,0.000041
2026-04-03T21:13:12.7512329Z,0.007466,0.072242,0.204413,0.004277,0.075410,0.205630,3.79,gru,0.003189,0.003168,0.001217
2026-04-03T21:13:12.7852837Z,0.007173,0.072235,0.208843,0.013287,0.068790,0.208819,8.49,gru,0.006114,0.003445,0.000024
2026-04-03T21:13:12.8298737Z,0.006996,0.073599,0.212340,0.017899,0.071965,0.211086,8.42,gru,0.010903,0.001634,0.001254
2026-04-03T21:13:12.8557591Z,0.004048,0.074563,0.216613,0.006662,0.078568,0.217030,7.94,gru,0.002614,0.004005,0.000416
2026-04-03T21:13:12.8804883Z,0.002994,0.077799,0.220268,0.006878,0.080399,0.220664,4.84,gru,0.003883,0.002601,0.000396
2026-04-03T21:13:12.9230311Z,0.002926,0.078804,0.224417,0.010641,0.078772,0.224364,8.11,gru,0.007715,0.000032,0.000053
2026-04-03T21:13:12.9544288Z,0.002616,0.079985,0.227656,0.008903,0.081538,0.226619,7.35,gru,0.006287,0.001553,0.001037
2026-04-03T21:13:12.9884671Z,0.002938,0.082890,0.230286,0.008005,0.088191,0.228751,4.83,gru,0.005068,0.005302,0.001535
2026-04-03T21:13:13.0186221Z,0.001435,0.084793,0.232759,0.005183,0.089703,0.232157,5.69,gru,0.003748,0.004911,0.000603
2026-04-03T21:13:13.0683024Z,0.000155,0.087032,0.237733,0.003994,0.091439,0.240306,7.87,gru,0.003839,0.004407,0.002573
2026-04-03T21:13:13.0897066Z,-0.001000,0.088986,0.238966,0.004000,0.092603,0.236261,7.62,gru,0.004999,0.003617,0.002705
2026-04-03T21:13:13.1208166Z,-0.001562,0.089331,0.242719,0.003555,0.092943,0.241814,4.54,gru,0.005117,0.003612,0.000905
2026-04-03T21:13:13.1534068Z,-0.001077,0.093040,0.245833,0.004162,0.100505,0.247433,6.76,gru,0.005239,0.007466,0.001600
2026-04-03T21:13:13.1943685Z,-0.001806,0.094641,0.248312,0.002393,0.101163,0.247082,6.94,gru,0.004199,0.006522,0.001231
2026-04-03T21:13:13.2148296Z,-0.007154,0.094886,0.250676,-0.008294,0.100129,0.249352,4.06,gru,0.001140,0.005243,0.001324
2026-04-03T21:13:13.2471968Z,-0.004542,0.096338,0.252533,0.003130,0.098941,0.250729,5.07,gru,0.007672,0.002603,0.001804
2026-04-03T21:13:13.2822829Z,-0.004963,0.097643,0.254253,0.002248,0.104345,0.252931,6.05,gru,0.007211,0.006703,0.001322
2026-04-03T21:13:13.3066427Z,-0.004442,0.099126,0.257036,-0.001603,0.108214,0.257544,4.27,gru,0.002839,0.009088,0.000508
2026-04-03T21:13:13.3423659Z,-0.003857,0.100084,0.259094,0.001386,0.105064,0.258122,6.52,gru,0.005244,0.004980,0.000972
2026-04-03T21:13:13.3815123Z,0.014750,0.105823,0.254577,0.039233,0.108341,0.246389,7.80,gru,0.024483,0.002518,0.008188
2026-04-03T21:13:13.4135859Z,0.015050,0.107276,0.255326,0.018792,0.120177,0.254686,3.56,gru,0.003742,0.012901,0.000640
2026-04-03T21:13:13.4415245Z,0.000499,0.105827,0.254787,-0.021357,0.118337,0.259357,4.43,gru,0.021856,0.012510,0.004570
2026-04-03T21:13:13.4755934Z,0.012834,0.107825,0.258413,0.029342,0.101298,0.260873,7.23,gru,0.016507,0.006528,0.002461
2026-04-03T21:13:13.5092089Z,-0.002326,0.105668,0.263804,-0.004134,0.116378,0.268152,7.18,gru,0.001809,0.010710,0.004349
2026-04-03T21:13:13.5440282Z,0.013977,0.111928,0.261080,0.027443,0.121307,0.253557,4.58,gru,0.013466,0.009379,0.007523
2026-04-03T21:13:13.5788736Z,-0.000979,0.110182,0.266442,-0.007223,0.119132,0.270520,5.53,gru,0.006245,0.008950,0.004078
2026-04-03T21:13:13.6069816Z,-0.001897,0.110836,0.269302,-0.009279,0.118094,0.274685,4.26,gru,0.007382,0.007258,0.005383
2026-04-03T21:13:13.6410995Z,-0.000997,0.113130,0.270758,0.012955,0.114108,0.268178,4.35,gru,0.013952,0.000978,0.002579
2026-04-03T21:13:13.6785204Z,-0.002785,0.115246,0.273175,-0.001537,0.129436,0.272888,5.37,gru,0.001248,0.014190,0.000287
2026-04-03T21:13:13.7093394Z,-0.004426,0.115693,0.273785,-0.005620,0.122941,0.273394,3.52,gru,0.001194,0.007248,0.000391
2026-04-03T21:13:13.7464861Z,-0.002892,0.117412,0.277615,0.002722,0.121947,0.279827,6.16,gru,0.005615,0.004535,0.002212
2026-04-03T21:13:13.7804995Z,-0.004584,0.120447,0.280683,-0.001993,0.132295,0.281969,4.70,gru,0.002591,0.011848,0.001286
2026-04-03T21:13:13.8261891Z,-0.000816,0.123482,0.280335,0.006543,0.132010,0.275225,5.91,gru,0.007359,0.008527,0.005110
2026-04-03T21:13:13.8446189Z,0.000135,0.126578,0.281780,0.004498,0.134684,0.280526,4.15,gru,0.004363,0.008106,0.001253
2026-04-03T21:13:13.8776090Z,0.004042,0.129783,0.283028,0.008829,0.139042,0.284211,5.13,gru,0.004787,0.009258,0.001183
2026-04-03T21:13:13.9083906Z,0.003450,0.129171,0.283209,0.005832,0.135697,0.280633,5.68,gru,0.002382,0.006525,0.002576
2026-04-03T21:13:13.9509427Z,0.004035,0.132670,0.284759,0.005488,0.142675,0.283350,7.06,gru,0.001453,0.010005,0.001409
2026-04-03T21:13:13.9858336Z,0.003501,0.133734,0.285193,0.007128,0.142262,0.283806,6.42,gru,0.003628,0.008528,0.001387
2026-04-03T21:13:14.0157193Z,0.002962,0.135984,0.285427,0.005873,0.143480,0.282929,4.37,gru,0.002911,0.007496,0.002498
2026-04-03T21:13:14.0496924Z,0.003409,0.136152,0.285562,0.007433,0.143694,0.283130,3.56,gru,0.004024,0.007541,0.002432
2026-04-03T21:13:14.0783696Z,0.006434,0.137726,0.283541,0.013581,0.143915,0.278234,5.11,gru,0.007147,0.006189,0.005308
2026-04-03T21:13:14.1223640Z,0.005742,0.138170,0.283330,0.007429,0.148388,0.281063,4.74,gru,0.001687,0.010218,0.002267
2026-04-03T21:13:14.1462701Z,0.005978,0.138337,0.281646,0.007802,0.145799,0.278756,4.08,gru,0.001824,0.007461,0.002890
2026-04-03T21:13:14.1742640Z,0.005524,0.138631,0.280438,0.009285,0.144872,0.276391,3.63,gru,0.003761,0.006242,0.004047
2026-04-03T21:13:14.2061530Z,0.003597,0.141857,0.279331,0.004106,0.154127,0.276595,5.12,gru,0.000510,0.012270,0.002736
2026-04-03T21:13:14.2460974Z,0.002479,0.143624,0.279341,0.004529,0.153638,0.278192,6.81,gru,0.002051,0.010014,0.001149
2026-04-03T21:13:14.2723521Z,0.012445,0.147692,0.273263,0.029106,0.151217,0.265196,4.31,gru,0.016660,0.003524,0.008067
2026-04-03T21:13:14.3118710Z,-0.001241,0.151486,0.281437,-0.015606,0.172859,0.295982,7.18,gru,0.014365,0.021373,0.014545
2026-04-03T21:13:14.3404890Z,0.007902,0.155094,0.278439,0.016394,0.160197,0.278021,4.89,gru,0.008492,0.005103,0.000418
2026-04-03T21:13:14.3752852Z,0.009531,0.158441,0.279227,0.025246,0.161568,0.273920,3.67,gru,0.015715,0.003127,0.005307
2026-04-03T21:13:14.4092641Z,-0.002918,0.161728,0.288589,-0.022159,0.185265,0.310490,4.66,gru,0.019241,0.023536,0.021900
2026-04-03T21:13:14.4451971Z,-0.001407,0.164290,0.291663,0.003043,0.168974,0.297081,6.69,gru,0.004450,0.004684,0.005419
2026-04-03T21:13:14.4960179Z,0.011235,0.168001,0.288941,0.040604,0.167217,0.284384,7.55,gru,0.029369,0.000784,0.004556
2026-04-03T21:13:14.5479960Z,-0.000301,0.172892,0.305723,-0.015325,0.200524,0.338292,4.15,gru,0.015024,0.027632,0.032569
2026-04-03T21:13:14.5792054Z,-0.001985,0.176514,0.311431,-0.011813,0.188064,0.324137,7.46,gru,0.009827,0.011550,0.012707
2026-04-03T21:13:14.6163873Z,0.008903,0.180087,0.310662,0.039271,0.175413,0.311219,9.89,gru,0.030369,0.004674,0.000556
2026-04-03T21:13:14.6711421Z,0.008960,0.182848,0.314789,0.012742,0.198321,0.320247,6.87,gru,0.003782,0.015474,0.005458
2026-04-03T21:13:14.6845225Z,0.008954,0.186217,0.319318,-0.001792,0.205433,0.334952,6.33,gru,0.010746,0.019216,0.015634
2026-04-03T21:13:14.7092290Z,0.014470,0.188850,0.320593,0.027117,0.192543,0.326253,6.15,gru,0.012647,0.003693,0.005660
2026-04-03T21:13:14.7530785Z,0.017911,0.191015,0.323111,0.029214,0.195291,0.321468,7.49,gru,0.011303,0.004276,0.001642
2026-04-03T21:13:14.7832108Z,0.019887,0.194312,0.326236,0.019233,0.208100,0.331209,5.85,gru,0.000654,0.013788,0.004973
2026-04-03T21:13:14.8164588Z,0.023713,0.197197,0.327813,0.027522,0.206649,0.331746,6.29,gru,0.003809,0.009452,0.003933
2026-04-03T21:13:14.8443998Z,0.027791,0.201016,0.331189,0.037162,0.206653,0.333474,5.91,gru,0.009371,0.005637,0.002284
2026-04-03T21:13:14.8788270Z,0.025901,0.205856,0.338084,0.023472,0.218712,0.344681,4.32,gru,0.002429,0.012856,0.006597
2026-04-03T21:13:14.9137332Z,0.033832,0.209977,0.340033,0.045617,0.215413,0.339718,6.21,gru,0.011786,0.005436,0.000315
2026-04-03T21:13:14.9437302Z,0.039144,0.216153,0.342821,0.051463,0.223358,0.340943,3.65,gru,0.012319,0.007205,0.001878
2026-04-03T21:13:14.9802689Z,0.044006,0.220803,0.347348,0.046154,0.234154,0.351763,5.95,gru,0.002147,0.013352,0.004414
2026-04-03T21:13:15.0274444Z,0.052228,0.226773,0.351174,0.062941,0.234888,0.353216,4.25,gru,0.010713,0.008115,0.002043
2026-04-03T21:13:15.0775710Z,0.062005,0.240265,0.361469,0.077459,0.259306,0.370240,5.21,gru,0.015454,0.019041,0.008771
2026-04-03T21:13:15.1160113Z,0.067725,0.246316,0.366903,0.071914,0.256983,0.367629,4.64,gru,0.004189,0.010667,0.000726
2026-04-03T21:13:15.1457491Z,0.075246,0.253159,0.370366,0.080275,0.255811,0.364748,4.26,gru,0.005029,0.002653,0.005618
2026-04-03T21:13:15.1789286Z,0.074944,0.263556,0.378512,0.072576,0.281253,0.386076,4.43,gru,0.002368,0.017697,0.007563
2026-04-03T21:13:15.2115779Z,0.086932,0.267794,0.379122,0.106399,0.272846,0.376358,6.43,gru,0.019468,0.005052,0.002764
2026-04-03T21:13:15.2442162Z,0.080012,0.275858,0.390158,0.068526,0.291135,0.398265,4.72,gru,0.011486,0.015276,0.008107
2026-04-03T21:13:15.2771767Z,0.086579,0.280570,0.392206,0.088266,0.287273,0.390978,6.71,gru,0.001687,0.006703,0.001228
2026-04-03T21:13:15.3174942Z,0.089722,0.289433,0.399528,0.105145,0.298433,0.398923,5.78,gru,0.015422,0.009000,0.000605
2026-04-03T21:13:15.3529080Z,0.094311,0.294095,0.402724,0.096623,0.308827,0.403584,4.40,gru,0.002312,0.014732,0.000860
2026-04-03T21:13:15.3839978Z,0.098722,0.301634,0.409594,0.100935,0.312048,0.412064,8.90,gru,0.002213,0.010414,0.002470
2026-04-03T21:13:15.4106890Z,0.104400,0.304540,0.409340,0.111010,0.307537,0.402958,4.31,gru,0.006609,0.002998,0.006382
2026-04-03T21:13:15.4463481Z,0.106000,0.309530,0.414043,0.106573,0.321272,0.412014,6.47,gru,0.000573,0.011742,0.002029
2026-04-03T21:13:15.4793634Z,0.108593,0.311212,0.412255,0.109354,0.318654,0.406615,6.38,gru,0.000761,0.007442,0.005640
2026-04-03T21:13:15.5116321Z,0.109961,0.316349,0.413351,0.112059,0.324920,0.408090,7.24,gru,0.002097,0.008570,0.005260
2026-04-03T21:13:15.5455604Z,0.111933,0.319942,0.412106,0.114871,0.328176,0.407432,6.02,gru,0.002938,0.008235,0.004675
2026-04-03T21:13:15.5752591Z,0.112834,0.320853,0.410907,0.113630,0.323659,0.403465,4.71,gru,0.000796,0.002806,0.007441
2026-04-03T21:13:15.6071421Z,0.116364,0.322579,0.409344,0.120446,0.326891,0.403683,3.96,gru,0.004081,0.004312,0.005661
2026-04-03T21:13:15.6403111Z,0.118147,0.325672,0.408720,0.120097,0.335483,0.404321,4.04,gru,0.001950,0.009811,0.004399
2026-04-03T21:13:15.6772837Z,0.119920,0.326586,0.408775,0.120516,0.330674,0.405344,5.73,gru,0.000595,0.004088,0.003431
2026-04-03T21:13:15.7118014Z,0.126074,0.330045,0.410177,0.135467,0.334308,0.408398,4.76,gru,0.009393,0.004264,0.001779
2026-04-03T21:13:15.7439500Z,0.131714,0.332609,0.414043,0.139396,0.339324,0.415392,3.40,gru,0.007682,0.006715,0.001349
2026-04-03T21:13:15.7756562Z,0.133483,0.335096,0.418942,0.128916,0.343123,0.420753,5.03,gru,0.004567,0.008027,0.001810
2026-04-03T21:13:15.8108038Z,0.135840,0.339041,0.425432,0.135663,0.345341,0.427930,5.95,gru,0.000177,0.006301,0.002498
2026-04-03T21:13:15.8451595Z,0.140600,0.341458,0.429548,0.151568,0.341294,0.427811,4.57,gru,0.010968,0.000165,0.001738
2026-04-03T21:13:15.8784205Z,0.142354,0.344254,0.434345,0.142508,0.348215,0.433624,3.37,gru,0.000155,0.003961,0.000721
2026-04-03T21:13:15.9124529Z,0.145814,0.349399,0.437719,0.145179,0.356574,0.437189,5.32,gru,0.000635,0.007175,0.000529
2026-04-03T21:13:15.9436832Z,0.149213,0.355253,0.440985,0.154792,0.359543,0.439232,3.89,gru,0.005579,0.004291,0.001752
2026-04-03T21:13:15.9785189Z,0.158142,0.359795,0.442335,0.172492,0.358888,0.438330,4.70,gru,0.014350,0.000907,0.004005
2026-04-03T21:13:16.0137399Z,0.146031,0.362921,0.451425,0.117062,0.372523,0.463253,9.44,gru,0.028970,0.009602,0.011828
2026-04-03T21:13:16.0768626Z,0.145869,0.366750,0.453953,0.141787,0.367548,0.453123,7.44,gru,0.004082,0.000798,0.000831
2026-04-03T21:13:16.1047623Z,0.146574,0.371418,0.456528,0.169117,0.368425,0.450580,4.99,gru,0.022543,0.002993,0.005948
2026-04-03T21:13:16.1394208Z,0.147174,0.374589,0.457571,0.145222,0.380314,0.456703,6.62,gru,0.001952,0.005725,0.000869
2026-04-03T21:13:16.1544900Z,0.149333,0.378563,0.458776,0.142965,0.381093,0.458489,5.06,gru,0.006368,0.002530,0.000287
2026-04-03T21:13:16.1751976Z,0.149196,0.382823,0.459673,0.149380,0.385885,0.456054,3.76,gru,0.000184,0.003062,0.003619
2026-04-03T21:13:16.2049766Z,0.149254,0.388061,0.460264,0.153493,0.392597,0.454490,3.64,gru,0.004239,0.004536,0.005774
2026-04-03T21:13:16.2446772Z,0.148359,0.392683,0.461383,0.146297,0.397290,0.459052,8.04,gru,0.002062,0.004607,0.002332
2026-04-03T21:13:16.2767445Z,0.147916,0.400407,0.462030,0.143951,0.407338,0.458342,5.38,gru,0.003965,0.006931,0.003688
2026-04-03T21:13:16.3194941Z,0.148329,0.404782,0.463566,0.151645,0.406681,0.458728,6.06,gru,0.003317,0.001899,0.004838
2026-04-03T21:13:16.3425581Z,0.147700,0.411088,0.465217,0.148180,0.415712,0.460950,3.00,gru,0.000480,0.004624,0.004267
2026-04-03T21:13:16.3831717Z,0.147367,0.418443,0.466851,0.144613,0.426408,0.462497,3.72,gru,0.002754,0.007965,0.004354
2026-04-03T21:13:16.4129581Z,0.148497,0.426307,0.467221,0.151107,0.431610,0.460585,7.75,gru,0.002610,0.005302,0.006636
2026-04-03T21:13:16.4479378Z,0.149649,0.432902,0.469777,0.151868,0.437240,0.466584,5.64,gru,0.002219,0.004338,0.003193
2026-04-03T21:13:16.4840307Z,0.149218,0.441824,0.472163,0.145775,0.449593,0.469861,8.04,gru,0.003442,0.007769,0.002302
2026-04-03T21:13:16.5284035Z,0.147608,0.451042,0.475477,0.143674,0.458638,0.471330,7.04,gru,0.003934,0.007596,0.004147
2026-04-03T21:13:16.5837619Z,0.149502,0.460532,0.478180,0.155925,0.465088,0.473887,7.67,gru,0.006423,0.004556,0.004293
2026-04-03T21:13:16.6322603Z,0.151591,0.481318,0.482113,0.156437,0.502250,0.480205,5.79,gru,0.004846,0.020933,0.001908
2026-04-03T21:13:16.6854632Z,0.154036,0.503764,0.480249,0.154360,0.524707,0.469386,4.23,gru,0.000323,0.020943,0.010863
2026-04-03T21:13:16.7182473Z,0.153528,0.512635,0.478410,0.148731,0.512218,0.466310,6.98,gru,0.004797,0.000417,0.012100
2026-04-03T21:13:16.7497824Z,0.152574,0.523211,0.475532,0.149509,0.525392,0.468105,3.70,gru,0.003065,0.002181,0.007426
2026-04-03T21:13:16.7773558Z,0.150951,0.532586,0.472241,0.150286,0.550885,0.462304,5.92,gru,0.000665,0.018299,0.009937
2026-04-03T21:13:16.8139626Z,0.149698,0.539249,0.469865,0.147697,0.548382,0.460152,5.66,gru,0.002001,0.009133,0.009713
2026-04-03T21:13:16.8668873Z,0.148338,0.548885,0.466826,0.144399,0.552206,0.457300,10.49,gru,0.003939,0.003322,0.009526
2026-04-03T21:13:16.8860395Z,0.149547,0.557038,0.463703,0.151977,0.561139,0.453732,5.25,gru,0.002430,0.004101,0.009971
2026-04-03T21:13:16.9189018Z,0.147377,0.564133,0.461382,0.143019,0.572759,0.451827,8.07,gru,0.004358,0.008626,0.009555
2026-04-03T21:13:16.9431841Z,0.146835,0.570241,0.460310,0.141950,0.575763,0.453543,4.64,gru,0.004885,0.005522,0.006768
2026-04-03T21:13:16.9761017Z,0.146863,0.580414,0.458806,0.148803,0.585780,0.451816,5.36,gru,0.001940,0.005367,0.006990
2026-04-03T21:13:17.0186099Z,0.145569,0.587241,0.456851,0.142780,0.591252,0.447201,11.72,gru,0.002789,0.004011,0.009650
2026-04-03T21:13:17.0599392Z,0.144203,0.594138,0.454587,0.139460,0.597207,0.445392,7.65,gru,0.004743,0.003069,0.009196
2026-04-03T21:13:17.0888197Z,0.141342,0.600810,0.451832,0.135923,0.606044,0.443150,4.31,gru,0.005419,0.005235,0.008682
2026-04-03T21:13:17.1236124Z,0.140531,0.607434,0.448615,0.141571,0.613208,0.439209,4.08,gru,0.001040,0.005773,0.009406
2026-04-03T21:13:17.1532151Z,0.137042,0.615033,0.445616,0.132149,0.621856,0.436561,3.56,gru,0.004892,0.006823,0.009055
2026-04-03T21:13:17.1763370Z,0.136980,0.621445,0.441750,0.136045,0.625559,0.432281,3.96,gru,0.000935,0.004114,0.009469
2026-04-03T21:13:17.2108617Z,0.136355,0.628040,0.438105,0.137407,0.632869,0.428694,5.27,gru,0.001052,0.004829,0.009411
2026-04-03T21:13:17.2517951Z,0.134214,0.635291,0.435915,0.128439,0.643001,0.430325,7.28,gru,0.005775,0.007710,0.005590
2026-04-03T21:13:17.2910385Z,0.133581,0.641719,0.433528,0.131659,0.644866,0.428363,9.72,gru,0.001921,0.003147,0.005165
2026-04-03T21:13:17.3154254Z,0.134966,0.649611,0.431024,0.139204,0.654708,0.424512,4.07,gru,0.004238,0.005097,0.006512
2026-04-03T21:13:17.3473063Z,0.135226,0.657488,0.429358,0.133695,0.665809,0.424850,4.28,gru,0.001531,0.008322,0.004508
2026-04-03T21:13:17.3808003Z,0.134148,0.665093,0.427880,0.126936,0.672611,0.423915,5.80,gru,0.007212,0.007518,0.003965
2026-04-03T21:13:17.4133502Z,0.135213,0.674099,0.425568,0.136918,0.681075,0.419598,5.93,gru,0.001705,0.006976,0.005970
2026-04-03T21:13:17.4515583Z,0.136109,0.681211,0.423425,0.138959,0.686826,0.417776,5.34,gru,0.002850,0.005616,0.005650
2026-04-03T21:13:17.4805168Z,0.139106,0.690134,0.420588,0.139910,0.697962,0.415095,5.33,gru,0.000804,0.007829,0.005494
2026-04-03T21:13:17.5159864Z,0.140903,0.698803,0.417170,0.138663,0.707019,0.410208,5.13,gru,0.002239,0.008216,0.006961
2026-04-03T21:13:17.5483685Z,0.141135,0.707963,0.413962,0.137223,0.715693,0.407634,5.64,gru,0.003912,0.007730,0.006328
2026-04-03T21:13:17.5903266Z,0.141708,0.716314,0.409999,0.141713,0.721459,0.403575,5.19,gru,0.000005,0.005145,0.006424
2026-04-03T21:13:17.6310584Z,0.143988,0.725382,0.404986,0.146593,0.731808,0.397261,7.25,gru,0.002604,0.006426,0.007726
2026-04-03T21:13:17.6426352Z,0.147336,0.735217,0.401343,0.149263,0.744444,0.396501,3.83,gru,0.001927,0.009227,0.004842
2026-04-03T21:13:17.6801888Z,0.148390,0.742743,0.397435,0.143765,0.747137,0.392816,4.75,gru,0.004624,0.004394,0.004620
2026-04-03T21:13:17.7076801Z,0.149862,0.751934,0.394202,0.147858,0.756309,0.389460,4.00,gru,0.002004,0.004375,0.004743
2026-04-03T21:13:17.7420848Z,0.151795,0.759273,0.389689,0.154504,0.762982,0.383525,4.82,gru,0.002709,0.003709,0.006164
2026-04-03T21:13:17.7831417Z,0.156235,0.767352,0.383718,0.160287,0.770870,0.375477,7.38,gru,0.004052,0.003517,0.008240
2026-04-03T21:13:17.8188239Z,0.157940,0.774712,0.377702,0.153304,0.777860,0.370785,6.57,gru,0.004636,0.003148,0.006916
2026-04-03T21:13:17.8560897Z,0.162015,0.782634,0.370378,0.162976,0.784644,0.362405,4.26,gru,0.000961,0.002011,0.007973
2026-04-03T21:13:17.8903940Z,0.163855,0.792081,0.363005,0.164935,0.797052,0.354612,6.06,gru,0.001080,0.004971,0.008393
2026-04-03T21:13:17.9096231Z,0.169663,0.800773,0.354704,0.174158,0.804178,0.346131,3.43,gru,0.004496,0.003405,0.008573
2026-04-03T21:13:17.9396219Z,0.173348,0.809733,0.347102,0.172903,0.811446,0.339587,5.13,gru,0.000445,0.001712,0.007515
2026-04-03T21:13:17.9818255Z,0.174744,0.817742,0.339148,0.167338,0.820002,0.331546,5.76,gru,0.007407,0.002260,0.007602
2026-04-03T21:13:18.0092548Z,0.179574,0.824007,0.332334,0.184856,0.822717,0.326234,4.61,gru,0.005282,0.001290,0.006100
2026-04-03T21:13:18.0413735Z,0.184946,0.832643,0.324733,0.191329,0.836410,0.318256,4.35,gru,0.006383,0.003767,0.006477
2026-04-03T21:13:18.0776112Z,0.193777,0.837902,0.316850,0.198435,0.836916,0.309162,4.47,gru,0.004658,0.000986,0.007688
2026-04-03T21:13:18.1230205Z,0.199206,0.845455,0.311202,0.196491,0.846175,0.307969,4.74,gru,0.002715,0.000720,0.003234
2026-04-03T21:13:18.1627005Z,0.203863,0.851453,0.304913,0.201062,0.852441,0.300489,5.87,gru,0.002801,0.000988,0.004424
2026-04-03T21:13:18.1933700Z,0.209042,0.858511,0.299354,0.213685,0.858623,0.294485,3.63,gru,0.004643,0.000112,0.004869
2026-04-03T21:13:18.2088801Z,0.211203,0.863697,0.294229,0.206983,0.863681,0.290593,4.52,gru,0.004221,0.000016,0.003636
2026-04-03T21:13:18.2601364Z,0.212761,0.871404,0.288504,0.205170,0.874295,0.283359,3.97,gru,0.007591,0.002891,0.005144
2026-04-03T21:13:18.2788040Z,0.218257,0.876114,0.283485,0.224459,0.876063,0.279419,4.55,gru,0.006203,0.000050,0.004067
2026-04-03T21:13:18.3093014Z,0.219299,0.882829,0.277273,0.216001,0.886268,0.271445,7.16,gru,0.003298,0.003439,0.005828
2026-04-03T21:13:18.3538246Z,0.223143,0.887925,0.270358,0.219133,0.891030,0.263025,6.89,gru,0.004011,0.003105,0.007334
2026-04-03T21:13:18.3897732Z,0.226690,0.896043,0.264100,0.227710,0.902895,0.259071,8.16,gru,0.001020,0.006852,0.005029
2026-04-03T21:13:18.4166695Z,0.229187,0.901170,0.257788,0.226700,0.906380,0.252696,4.43,gru,0.002487,0.005210,0.005092
2026-04-03T21:13:18.4453694Z,0.226994,0.909552,0.250917,0.215216,0.916230,0.243797,4.59,gru,0.011778,0.006678,0.007119
2026-04-03T21:13:18.4837013Z,0.236918,0.909777,0.245931,0.250648,0.906316,0.241601,7.40,gru,0.013730,0.003461,0.004330
2026-04-03T21:13:18.5158880Z,0.235493,0.917469,0.240132,0.228758,0.926897,0.234792,5.76,gru,0.006734,0.009429,0.005340
2026-04-03T21:13:18.5565781Z,0.243643,0.920326,0.234355,0.243196,0.926764,0.227674,6.37,gru,0.000447,0.006438,0.006681
2026-04-03T21:13:18.5826725Z,0.240288,0.925009,0.229917,0.231860,0.926568,0.225627,5.13,gru,0.008428,0.001559,0.004290
2026-04-03T21:13:18.6175916Z,0.240914,0.929591,0.224634,0.233515,0.935774,0.218824,5.77,gru,0.007399,0.006183,0.005810
2026-04-03T21:13:18.6459174Z,0.242541,0.933985,0.220887,0.247509,0.937559,0.216885,5.09,gru,0.004968,0.003574,0.004002
2026-04-03T21:13:18.6778927Z,0.243950,0.935407,0.218560,0.240188,0.938359,0.216511,4.47,gru,0.003761,0.002952,0.002049
2026-04-03T21:13:18.7055177Z,0.243188,0.939707,0.215600,0.233549,0.943899,0.210900,4.35,gru,0.009639,0.004192,0.004700
2026-04-03T21:13:18.7426776Z,0.231593,0.945437,0.210704,0.207878,0.954076,0.201867,4.35,gru,0.023714,0.008639,0.008836
2026-04-03T21:13:18.7773332Z,0.225332,0.948885,0.208139,0.218680,0.951723,0.204437,3.51,gru,0.006652,0.002838,0.003701
2026-04-03T21:13:18.8323949Z,0.225072,0.950639,0.206966,0.236998,0.949769,0.206607,11.29,gru,0.011927,0.000869,0.000359
2026-04-03T21:13:18.8442466Z,0.224025,0.950241,0.207016,0.219158,0.951694,0.205085,3.82,gru,0.004866,0.001454,0.001931
2026-04-03T21:13:18.8790844Z,0.196602,0.956933,0.203428,0.143310,0.971582,0.191540,6.97,gru,0.053293,0.014649,0.011888
2026-04-03T21:13:18.9115211Z,0.214523,0.952233,0.207132,0.223310,0.938585,0.206370,7.58,gru,0.008786,0.013648,0.000762
2026-04-03T21:13:18.9393907Z,0.209349,0.954854,0.208080,0.224882,0.955992,0.209169,3.83,gru,0.015533,0.001139,0.001088
2026-04-03T21:13:18.9760183Z,0.189551,0.961267,0.206369,0.144882,0.983372,0.191342,6.09,gru,0.044669,0.022105,0.015027
2026-04-03T21:13:19.0094810Z,0.174542,0.965417,0.206654,0.151538,0.956234,0.201458,6.16,gru,0.023004,0.009183,0.005195
2026-04-03T21:13:19.0438911Z,0.169099,0.968276,0.209006,0.193622,0.961393,0.208338,6.60,gru,0.024523,0.006883,0.000668
2026-04-03T21:13:19.0818921Z,0.165626,0.967699,0.211053,0.166417,0.969904,0.208600,7.51,gru,0.000791,0.002205,0.002453
2026-04-03T21:13:19.1092518Z,0.163828,0.967554,0.213717,0.142921,0.966769,0.209203,3.62,gru,0.020907,0.000785,0.004514
2026-04-03T21:13:19.1407639Z,0.161943,0.965281,0.217322,0.154787,0.961816,0.215609,3.51,gru,0.007156,0.003464,0.001713
2026-04-03T21:13:19.1769289Z,0.113568,0.982996,0.219612,0.074787,1.013770,0.216882,3.71,gru,0.038781,0.030774,0.002730
2026-04-03T21:13:19.2064249Z,0.104104,0.987866,0.221364,0.109053,0.990356,0.221850,4.27,gru,0.004949,0.002490,0.000485
2026-04-03T21:13:19.2453268Z,0.092401,0.990596,0.222870,0.120498,0.983106,0.221518,6.91,gru,0.028096,0.007490,0.001353
2026-04-03T21:13:19.2757483Z,0.086042,0.991446,0.222667,0.066678,1.002275,0.217825,4.89,gru,0.019364,0.010829,0.004842
2026-04-03T21:13:19.3059591Z,0.079410,0.992793,0.223207,0.066248,0.993121,0.220809,4.82,gru,0.013162,0.000328,0.002399
2026-04-03T21:13:19.3420391Z,0.072080,0.997650,0.222123,0.071302,1.002745,0.219538,3.66,gru,0.000778,0.005095,0.002585
2026-04-03T21:13:19.3733288Z,0.068484,0.999201,0.222474,0.076358,1.000376,0.221022,3.88,gru,0.007874,0.001175,0.001451
2026-04-03T21:13:19.4098470Z,0.063925,0.998712,0.221244,0.058068,0.996266,0.217326,6.44,gru,0.005857,0.002446,0.003918
2026-04-03T21:13:19.4430358Z,0.050638,1.007201,0.221843,0.024813,1.022439,0.218160,3.52,gru,0.025825,0.015237,0.003683
2026-04-03T21:13:19.4806813Z,0.050235,1.009286,0.222138,0.063134,1.006681,0.222014,7.99,gru,0.012898,0.002605,0.000125
2026-04-03T21:13:19.5131881Z,0.043576,1.012446,0.221902,0.049791,1.011932,0.218798,5.44,gru,0.006215,0.000514,0.003104
2026-04-03T21:13:19.5420431Z,0.031417,1.017424,0.224087,0.005524,1.025629,0.224777,3.60,gru,0.025892,0.008205,0.000690
2026-04-03T21:13:19.5748467Z,0.031693,1.020745,0.223384,0.038670,1.015144,0.221827,3.75,gru,0.006978,0.005601,0.001557
2026-04-03T21:13:19.6094534Z,0.014583,1.026964,0.224347,0.001378,1.032781,0.222350,6.64,gru,0.013205,0.005816,0.001998
2026-04-03T21:13:19.6422654Z,0.008465,1.030529,0.224680,-0.000124,1.035045,0.224034,3.76,gru,0.008589,0.004516,0.000646
2026-04-03T21:13:19.6828089Z,-0.012994,1.042585,0.221814,-0.035664,1.054099,0.213639,9.04,gru,0.022670,0.011514,0.008176
2026-04-03T21:13:19.7132681Z,-0.000021,1.034392,0.226212,0.032444,1.024922,0.227329,5.27,gru,0.032465,0.009470,0.001117
2026-04-03T21:13:19.7470655Z,-0.002746,1.036793,0.227416,0.007023,1.033622,0.227829,5.69,gru,0.009769,0.003171,0.000412
2026-04-03T21:13:19.7822640Z,0.016314,1.029860,0.238168,0.030583,1.032097,0.247063,5.33,gru,0.014269,0.002237,0.008895
2026-04-03T21:13:19.8147856Z,0.026737,1.024065,0.246330,0.046169,1.014119,0.251582,3.79,gru,0.019431,0.009946,0.005252
2026-04-03T21:13:19.8470624Z,-0.026674,1.049489,0.226842,-0.033831,1.094119,0.171582,4.43,gru,0.007157,0.044630,0.055259
2026-04-03T21:13:19.8770758Z,-0.000019,1.037572,0.240951,0.042681,1.014119,0.227141,5.87,gru,0.042701,0.023452,0.013811
2026-04-03T21:13:19.9089621Z,-0.049794,1.060703,0.220268,-0.037319,1.074651,0.195631,7.04,gru,0.012475,0.013948,0.024636
2026-04-03T21:13:19.9451532Z,-0.049813,1.061387,0.221301,-0.087115,1.090987,0.195099,6.71,gru,0.037302,0.029600,0.026202
2026-04-03T21:13:19.9743863Z,-0.006036,1.041994,0.241833,-0.007115,1.025721,0.227260,4.70,gru,0.001078,0.016273,0.014573
2026-04-03T21:13:20.0068507Z,-0.035713,1.055979,0.226788,-0.079096,1.105721,0.176729,2.99,gru,0.043383,0.049741,0.050059
2026-04-03T21:13:20.0427281Z,-0.029186,1.051311,0.231005,-0.058831,1.056810,0.210809,3.52,gru,0.029645,0.005498,0.020195
2026-04-03T21:13:20.0806606Z,-0.031909,1.052510,0.231028,-0.002757,1.017585,0.217748,5.35,gru,0.029152,0.034924,0.013279
2026-04-03T21:13:20.1136557Z,-0.030748,1.048628,0.233239,-0.027726,1.056984,0.221021,6.39,gru,0.003022,0.008355,0.012218
2026-04-03T21:13:20.1449870Z,-0.032071,1.050169,0.234012,-0.045281,1.043800,0.222722,5.52,gru,0.013210,0.006369,0.011290
2026-04-03T21:13:20.2034869Z,-0.051525,1.057633,0.223105,-0.089090,1.071860,0.190495,8.08,gru,0.037565,0.014226,0.032610
2026-04-03T21:13:20.2452595Z,-0.026304,1.041323,0.244796,-0.009090,1.025443,0.241796,4.09,gru,0.017214,0.015880,0.003000
2026-04-03T21:13:20.2882539Z,-0.037444,1.046708,0.238839,-0.041862,1.046106,0.225826,6.08,gru,0.004418,0.000602,0.013013
2026-04-03T21:13:20.3345896Z,-0.040765,1.046542,0.236863,-0.083940,1.068072,0.192463,10.74,gru,0.043175,0.021530,0.044400
2026-04-03T21:13:20.3454721Z,-0.042540,1.048424,0.236388,-0.038037,1.022370,0.210689,5.06,gru,0.004504,0.026054,0.025700
2026-04-03T21:13:20.3763997Z,-0.044452,1.046560,0.234785,-0.029583,1.048239,0.220552,5.30,gru,0.014869,0.001680,0.014233
2026-04-03T21:13:20.4064264Z,-0.045306,1.048273,0.231589,-0.058064,1.050900,0.212075,4.03,gru,0.012758,0.002627,0.019514
2026-04-03T21:13:20.4398920Z,-0.041569,1.050755,0.227154,-0.043119,1.049116,0.207678,3.81,gru,0.001550,0.001640,0.019476
2026-04-03T21:13:20.4768455Z,-0.046070,1.049424,0.229012,-0.044961,1.044078,0.225684,4.80,gru,0.001108,0.005347,0.003329
2026-04-03T21:13:20.5154154Z,-0.048575,1.051989,0.226420,-0.043523,1.049768,0.222754,3.34,gru,0.005053,0.002221,0.003667
2026-04-03T21:13:20.5497349Z,-0.032509,1.046580,0.232564,0.005033,1.037305,0.235333,5.32,gru,0.037542,0.009275,0.002769
2026-04-03T21:13:20.6026849Z,-0.031636,1.048476,0.232023,-0.037499,1.052246,0.225263,13.98,gru,0.005862,0.003770,0.006759
2026-04-03T21:13:20.6287626Z,-0.030150,1.049224,0.232054,-0.044978,1.054500,0.221486,10.80,gru,0.014828,0.005276,0.010568
2026-04-03T21:13:20.6419240Z,-0.030359,1.051891,0.227623,-0.020186,1.041583,0.221265,3.56,gru,0.010173,0.010308,0.006358
2026-04-03T21:13:20.6743180Z,-0.028497,1.053190,0.226826,-0.019754,1.053573,0.223597,3.66,gru,0.008743,0.000383,0.003229
2026-04-03T21:13:20.7101305Z,-0.026285,1.052130,0.227005,-0.025894,1.048138,0.228560,5.29,gru,0.000391,0.003991,0.001555
2026-04-03T21:13:20.7468447Z,-0.030963,1.052943,0.224688,-0.044867,1.048780,0.218025,8.22,gru,0.013904,0.004164,0.006663
2026-04-03T21:13:20.7789609Z,-0.030533,1.055247,0.224035,-0.026452,1.053021,0.219868,5.04,gru,0.004081,0.002226,0.004167
2026-04-03T21:13:20.8315481Z,-0.029215,1.056139,0.223184,-0.015369,1.052572,0.221983,11.34,gru,0.013846,0.003567,0.001201
2026-04-03T21:13:20.8545806Z,-0.028971,1.057281,0.222435,-0.034784,1.058906,0.217623,4.50,gru,0.005813,0.001625,0.004811
2026-04-03T21:13:20.8910328Z,-0.028914,1.058538,0.220757,-0.033663,1.053835,0.216376,6.20,gru,0.004749,0.004703,0.004381
2026-04-03T21:13:20.9255740Z,-0.028959,1.060259,0.220448,-0.025500,1.058394,0.218226,4.42,gru,0.003459,0.001866,0.002222
2026-04-03T21:13:20.9574626Z,-0.030959,1.062117,0.219404,-0.030835,1.061842,0.217917,5.95,gru,0.000123,0.000274,0.001488
2026-04-03T21:13:20.9944508Z,-0.030436,1.062144,0.220037,-0.030239,1.056826,0.219810,5.59,gru,0.000197,0.005318,0.000227
2026-04-03T21:13:21.0192625Z,-0.028638,1.062340,0.219537,-0.025558,1.057043,0.217948,5.64,gru,0.003080,0.005298,0.001589
2026-04-03T21:13:21.0491096Z,-0.028330,1.062135,0.218997,-0.028247,1.059260,0.216283,3.81,gru,0.000083,0.002875,0.002714
2026-04-03T21:13:21.0863325Z,-0.028858,1.060572,0.219346,-0.030303,1.055722,0.218537,9.39,gru,0.001445,0.004850,0.000809
2026-04-03T21:13:21.1168295Z,-0.028963,1.060118,0.219135,-0.028413,1.055255,0.217286,7.54,gru,0.000551,0.004863,0.001849
2026-04-03T21:13:21.1387211Z,-0.028990,1.057192,0.219300,-0.028265,1.052392,0.216583,3.87,gru,0.000724,0.004800,0.002717
2026-04-03T21:13:21.1768198Z,-0.028050,1.055675,0.220283,-0.026850,1.050712,0.220125,4.01,gru,0.001200,0.004964,0.000158
2026-04-03T21:13:21.2263987Z,-0.057855,1.061665,0.209492,-0.105928,1.072659,0.186709,3.78,gru,0.048073,0.010993,0.022783
2026-04-03T21:13:21.2608076Z,-0.028286,1.052415,0.221177,-0.025928,1.028944,0.222341,4.55,gru,0.002358,0.023471,0.001164
2026-04-03T21:13:21.2777555Z,-0.025530,1.050787,0.221736,-0.001871,1.044699,0.225825,4.21,gru,0.023659,0.006088,0.004089
2026-04-03T21:13:21.3046513Z,-0.024473,1.049198,0.223354,-0.065457,1.059816,0.201827,3.74,gru,0.040985,0.010618,0.021526
2026-04-03T21:13:21.3413279Z,-0.022950,1.048464,0.224093,-0.026431,1.026429,0.212805,5.07,gru,0.003481,0.022035,0.011288
2026-04-03T21:13:21.3774065Z,-0.019220,1.044968,0.225499,0.002599,1.037661,0.218919,6.90,gru,0.021819,0.007306,0.006581
2026-04-03T21:13:21.4108013Z,-0.035149,1.048644,0.215018,-0.067785,1.053325,0.189871,3.49,gru,0.032637,0.004681,0.025147
2026-04-03T21:13:21.4527597Z,-0.022714,1.045424,0.216461,-0.012744,1.033737,0.209763,6.08,gru,0.009970,0.011687,0.006698
2026-04-03T21:13:21.4902682Z,-0.021719,1.045490,0.215959,-0.005859,1.038063,0.216963,4.00,gru,0.015860,0.007427,0.001004
2026-04-03T21:13:21.5156368Z,-0.019408,1.046776,0.214956,-0.025644,1.052842,0.205833,4.57,gru,0.006236,0.006066,0.009123
2026-04-03T21:13:21.5411838Z,-0.021994,1.049831,0.213846,-0.030510,1.047445,0.207291,3.58,gru,0.008516,0.002386,0.006555
2026-04-03T21:13:21.5829623Z,-0.016104,1.051037,0.214203,-0.004142,1.046882,0.210851,6.58,gru,0.011962,0.004156,0.003353
2026-04-03T21:13:21.6114561Z,-0.015970,1.055112,0.213586,-0.010296,1.056558,0.211869,3.55,gru,0.005674,0.001445,0.001718
2026-04-03T21:13:21.6446984Z,-0.012162,1.057579,0.211936,-0.014159,1.058973,0.206523,3.56,gru,0.001997,0.001394,0.005413
2026-04-03T21:13:21.6815206Z,-0.051789,1.085636,0.204514,-0.094159,1.129506,0.184437,9.05,gru,0.042370,0.043870,0.020077
2026-04-03T21:13:21.7090458Z,-0.048020,1.090821,0.210289,-0.025312,1.083190,0.209802,3.23,gru,0.022708,0.007630,0.000488
2026-04-03T21:13:21.7411933Z,-0.046485,1.092390,0.214059,0.001159,1.081922,0.216828,3.94,gru,0.047644,0.010468,0.002769
2026-04-03T21:13:21.7763152Z,-0.029788,1.083759,0.222143,-0.026029,1.081422,0.218454,5.42,gru,0.003759,0.002338,0.003689
2026-04-03T21:13:21.8163711Z,-0.002771,1.075463,0.231377,0.024669,1.060891,0.230952,6.61,gru,0.027440,0.014572,0.000424
2026-04-03T21:13:21.8452260Z,0.000218,1.077673,0.235101,-0.007607,1.093577,0.226706,4.74,gru,0.007826,0.015904,0.008395
2026-04-03T21:13:21.8803679Z,-0.021531,1.097641,0.236821,-0.067084,1.128994,0.227288,4.55,gru,0.045553,0.031352,0.009533
2026-04-03T21:13:21.9120037Z,-0.013909,1.096738,0.243231,0.012916,1.086693,0.242847,4.82,gru,0.026825,0.010045,0.000384
2026-04-03T21:13:21.9456013Z,-0.003495,1.094650,0.250266,0.041043,1.086676,0.253134,3.40,gru,0.044538,0.007974,0.002869
2026-04-03T21:13:21.9777126Z,0.005137,1.093364,0.259462,-0.002417,1.104358,0.263255,3.02,gru,0.007554,0.010994,0.003792
2026-04-03T21:13:22.0090729Z,0.025930,1.084590,0.266354,0.046851,1.072236,0.266462,6.55,gru,0.020921,0.012354,0.000108
2026-04-03T21:13:22.0440296Z,0.026975,1.086392,0.271599,0.029318,1.087900,0.269232,4.60,gru,0.002343,0.001508,0.002367
2026-04-03T21:13:22.0722590Z,0.032795,1.084563,0.276545,0.034538,1.088277,0.278866,3.01,gru,0.001743,0.003714,0.002321
2026-04-03T21:13:22.1128605Z,0.040197,1.085044,0.282967,0.055934,1.078577,0.286784,5.96,gru,0.015737,0.006467,0.003818
2026-04-03T21:13:22.1439568Z,0.050239,1.082413,0.287984,0.062017,1.080424,0.289309,6.04,gru,0.011778,0.001989,0.001326
2026-04-03T21:13:22.1843742Z,0.059546,1.080235,0.293480,0.070298,1.074654,0.295495,5.07,gru,0.010752,0.005581,0.002015
2026-04-03T21:13:22.2129304Z,0.066588,1.078757,0.297174,0.069348,1.075153,0.299331,3.00,gru,0.002760,0.003604,0.002157
2026-04-03T21:13:22.2591000Z,0.078944,1.077032,0.301331,0.096833,1.067956,0.304587,4.33,gru,0.017889,0.009076,0.003256
2026-04-03T21:13:22.3136698Z,0.101465,1.070688,0.307410,0.141491,1.054659,0.313978,4.77,gru,0.040026,0.016029,0.006567
2026-04-03T21:13:22.3498041Z,0.110941,1.067267,0.308675,0.106463,1.056263,0.304572,7.09,gru,0.004478,0.011004,0.004103
2026-04-03T21:13:22.3901278Z,0.121812,1.067324,0.309609,0.116614,1.065710,0.302857,4.14,gru,0.005198,0.001614,0.006752
2026-04-03T21:13:22.4126428Z,0.149200,1.055118,0.311923,0.195525,1.039973,0.309654,5.66,gru,0.046326,0.015145,0.002269
2026-04-03T21:13:22.4497267Z,0.156387,1.055237,0.311704,0.149874,1.051877,0.308424,5.86,gru,0.006513,0.003360,0.003281
2026-04-03T21:13:22.4883424Z,0.168718,1.048417,0.312783,0.152563,1.038951,0.308631,6.40,gru,0.016156,0.009466,0.004152
2026-04-03T21:13:22.5255928Z,0.178030,1.049772,0.311714,0.195388,1.037580,0.307113,7.62,gru,0.017357,0.012192,0.004602
2026-04-03T21:13:22.5534622Z,0.183855,1.048914,0.311637,0.189595,1.048706,0.308478,7.20,gru,0.005741,0.000208,0.003159
2026-04-03T21:13:22.5775826Z,0.206287,1.038519,0.310060,0.230903,1.019357,0.304312,4.11,gru,0.024617,0.019162,0.005749
2026-04-03T21:13:22.6082739Z,0.215466,1.034710,0.308019,0.206556,1.028947,0.298056,3.39,gru,0.008910,0.005763,0.009963
2026-04-03T21:13:22.6427639Z,0.225426,1.031440,0.305109,0.213585,1.039108,0.296609,4.79,gru,0.011841,0.007668,0.008500
2026-04-03T21:13:22.6772642Z,0.233661,1.028043,0.301811,0.247126,1.019109,0.295300,3.02,gru,0.013465,0.008934,0.006511
2026-04-03T21:13:22.7138577Z,0.240230,1.026615,0.298916,0.238801,1.022523,0.293115,6.77,gru,0.001429,0.004092,0.005801
2026-04-03T21:13:22.7486902Z,0.249699,1.023237,0.295995,0.247236,1.018234,0.288779,6.94,gru,0.002463,0.005002,0.007216
2026-04-03T21:13:22.7856924Z,0.258475,1.019595,0.292829,0.258378,1.016443,0.284925,4.43,gru,0.000096,0.003152,0.007903
2026-04-03T21:13:22.8175105Z,0.267044,1.010860,0.291675,0.267199,1.001927,0.287972,5.51,gru,0.000155,0.008933,0.003703
2026-04-03T21:13:22.8439997Z,0.279181,1.004417,0.280384,0.286763,0.991389,0.262815,4.51,gru,0.007582,0.013028,0.017569
2026-04-03T21:13:22.8741255Z,0.286092,0.997108,0.276587,0.279848,0.998030,0.268664,5.56,gru,0.006244,0.000922,0.007923
2026-04-03T21:13:22.9278451Z,0.289109,0.995071,0.269702,0.272719,0.999920,0.264949,8.05,gru,0.016390,0.004850,0.004753
2026-04-03T21:13:22.9498357Z,0.283966,0.999687,0.263355,0.264932,1.007539,0.252849,4.11,gru,0.019034,0.007852,0.010506
2026-04-03T21:13:22.9792684Z,0.287295,0.995877,0.258449,0.291625,0.989940,0.252365,3.92,gru,0.004330,0.005936,0.006084
2026-04-03T21:13:23.0035002Z,0.290548,0.991923,0.256360,0.292047,0.986128,0.254385,3.63,gru,0.001499,0.005795,0.001976
2026-04-03T21:13:23.0406081Z,0.292486,0.984522,0.257968,0.276502,0.983405,0.261277,4.29,gru,0.015984,0.001118,0.003309
2026-04-03T21:13:23.0816780Z,0.297855,0.976076,0.259938,0.295534,0.970000,0.259990,6.12,gru,0.002321,0.006077,0.000052
2026-04-03T21:13:23.1267038Z,0.310080,0.956393,0.268385,0.326573,0.942193,0.273663,6.02,gru,0.016493,0.014200,0.005278
2026-04-03T21:13:23.1463784Z,0.301734,0.951343,0.278025,0.270551,0.955323,0.289624,3.28,gru,0.031183,0.003981,0.011599
2026-04-03T21:13:23.1782042Z,0.299314,0.942212,0.285338,0.274762,0.945105,0.285950,3.77,gru,0.024552,0.002892,0.000612
2026-04-03T21:13:23.2186288Z,0.296666,0.928362,0.295496,0.304704,0.916442,0.300763,11.00,gru,0.008038,0.011919,0.005267
2026-04-03T21:13:23.2530376Z,0.308271,0.898075,0.306721,0.324385,0.879732,0.313941,4.30,gru,0.016114,0.018343,0.007220
2026-04-03T21:13:23.2768496Z,0.302670,0.889900,0.314765,0.272618,0.906376,0.311484,3.40,gru,0.030051,0.016476,0.003281
2026-04-03T21:13:23.3089033Z,0.305283,0.873307,0.321861,0.288628,0.879942,0.318290,7.49,gru,0.016656,0.006635,0.003572
2026-04-03T21:13:23.3496505Z,0.301330,0.858962,0.330374,0.305167,0.854906,0.332327,4.19,gru,0.003837,0.004056,0.001953
2026-04-03T21:13:23.3870016Z,0.296295,0.849708,0.335509,0.282061,0.851444,0.334533,9.10,gru,0.014234,0.001736,0.000976
2026-04-03T21:13:23.4329900Z,0.298055,0.828800,0.340955,0.292414,0.819755,0.337706,8.25,gru,0.005641,0.009045,0.003248
2026-04-03T21:13:23.4514041Z,0.296141,0.818531,0.344549,0.288556,0.819984,0.341644,7.32,gru,0.007585,0.001453,0.002905
2026-04-03T21:13:23.4819196Z,0.294663,0.807265,0.349495,0.286802,0.808306,0.351174,6.90,gru,0.007862,0.001041,0.001678
2026-04-03T21:13:23.5199995Z,0.293729,0.795335,0.354916,0.291682,0.780912,0.359565,6.41,gru,0.002048,0.014422,0.004648
2026-04-03T21:13:23.5502570Z,0.291727,0.787086,0.358720,0.282452,0.779142,0.356633,4.22,gru,0.009276,0.007945,0.002086
2026-04-03T21:13:23.5779819Z,0.291392,0.774670,0.362913,0.285381,0.767170,0.362078,4.69,gru,0.006011,0.007500,0.000836
2026-04-03T21:13:23.6157509Z,0.289581,0.761706,0.368439,0.283544,0.752990,0.371770,8.40,gru,0.006037,0.008716,0.003332
2026-04-03T21:13:23.6518452Z,0.288427,0.752900,0.372104,0.280967,0.747432,0.371670,4.06,gru,0.007460,0.005468,0.000435
2026-04-03T21:13:23.6886482Z,0.286462,0.738390,0.376207,0.279357,0.726951,0.373739,6.32,gru,0.007105,0.011439,0.002467
2026-04-03T21:13:23.7282210Z,0.292955,0.720721,0.377709,0.297917,0.707080,0.372254,9.57,gru,0.004962,0.013641,0.005455
2026-04-03T21:13:23.7499641Z,0.282406,0.711839,0.384618,0.256031,0.720124,0.389127,3.42,gru,0.026375,0.008285,0.004509
2026-04-03T21:13:23.7829962Z,0.278862,0.698904,0.388036,0.264377,0.695283,0.387175,4.61,gru,0.014484,0.003622,0.000861
2026-04-03T21:13:23.8157871Z,0.281653,0.682186,0.390047,0.299068,0.665052,0.383288,5.04,gru,0.017415,0.017134,0.006759
2026-04-03T21:13:23.8440950Z,0.276837,0.669387,0.392034,0.259062,0.674458,0.389236,6.11,gru,0.017775,0.005071,0.002798
2026-04-03T21:13:23.8765523Z,0.273158,0.654208,0.394197,0.249073,0.657553,0.393751,4.28,gru,0.024086,0.003346,0.000446
2026-04-03T21:13:23.9103874Z,0.269231,0.641642,0.394557,0.263366,0.640161,0.389279,4.15,gru,0.005865,0.001482,0.005278
2026-04-03T21:13:23.9441800Z,0.261812,0.627478,0.396537,0.253111,0.621924,0.394025,6.99,gru,0.008701,0.005554,0.002512
2026-04-03T21:13:23.9972818Z,0.257946,0.611198,0.396504,0.247229,0.602687,0.394607,11.87,gru,0.010717,0.008511,0.001897
2026-04-03T21:13:24.0371096Z,0.260639,0.591153,0.394642,0.258586,0.584414,0.386742,6.65,gru,0.002053,0.006739,0.007900
2026-04-03T21:13:24.0830548Z,0.258902,0.549795,0.389116,0.252850,0.526496,0.377742,4.45,gru,0.006052,0.023299,0.011374
2026-04-03T21:13:24.1127538Z,0.253898,0.529874,0.386537,0.235604,0.538486,0.381973,5.26,gru,0.018293,0.008612,0.004564
2026-04-03T21:13:24.1422946Z,0.261165,0.502211,0.379185,0.271294,0.501403,0.370052,3.77,gru,0.010129,0.000808,0.009133
2026-04-03T21:13:24.1786935Z,0.259892,0.482341,0.376283,0.257742,0.475378,0.371770,5.93,gru,0.002149,0.006963,0.004513
2026-04-03T21:13:24.2338877Z,0.255949,0.463684,0.372923,0.232433,0.458565,0.373632,11.30,gru,0.023516,0.005119,0.000709
2026-04-03T21:13:24.2651089Z,0.255523,0.444462,0.369405,0.252744,0.433102,0.365829,5.23,gru,0.002779,0.011360,0.003575
2026-04-03T21:13:24.2992960Z,0.249997,0.428055,0.367817,0.250148,0.426747,0.367388,6.81,gru,0.000151,0.001308,0.000429
2026-04-03T21:13:24.3419270Z,0.245727,0.412224,0.365737,0.238139,0.407947,0.368842,5.22,gru,0.007588,0.004278,0.003105
2026-04-03T21:13:24.3627653Z,0.242131,0.397555,0.363685,0.236469,0.386332,0.365714,4.08,gru,0.005662,0.011222,0.002029
2026-04-03T21:13:24.3759446Z,0.238721,0.383144,0.361804,0.239615,0.380652,0.361719,5.69,gru,0.000894,0.002492,0.000084
2026-04-03T21:13:24.4106650Z,0.242578,0.368559,0.356352,0.257146,0.363583,0.353144,3.59,gru,0.014569,0.004976,0.003208
2026-04-03T21:13:24.4505958Z,0.242411,0.356028,0.352819,0.245461,0.356057,0.355493,7.57,gru,0.003050,0.000030,0.002674
2026-04-03T21:13:24.4801509Z,0.239567,0.346230,0.349242,0.233588,0.349250,0.353607,5.82,gru,0.005979,0.003020,0.004365
2026-04-03T21:13:24.5093778Z,0.234373,0.335273,0.345816,0.236157,0.334336,0.346479,5.57,gru,0.001783,0.000936,0.000663
2026-04-03T21:13:24.5448917Z,0.229133,0.325030,0.342453,0.235702,0.324102,0.343184,3.71,gru,0.006569,0.000928,0.000731
2026-04-03T21:13:24.5721057Z,0.227976,0.315005,0.337928,0.239329,0.318777,0.338703,3.77,gru,0.011354,0.003772,0.000775
2026-04-03T21:13:24.6107927Z,0.222145,0.305249,0.333904,0.222388,0.312237,0.335766,6.88,gru,0.000243,0.006988,0.001862
2026-04-03T21:13:24.6760268Z,0.218304,0.292328,0.329112,0.220969,0.298351,0.329617,6.02,gru,0.002665,0.006023,0.000505
2026-04-03T21:13:24.6927776Z,0.216204,0.282976,0.323274,0.227018,0.289012,0.321095,7.45,gru,0.010814,0.006035,0.002179
2026-04-03T21:13:24.7196801Z,0.214453,0.269328,0.318013,0.221473,0.272728,0.318045,7.16,gru,0.007021,0.003400,0.000032
2026-04-03T21:13:24.7504691Z,0.213725,0.258248,0.311394,0.216479,0.262662,0.310457,7.80,gru,0.002754,0.004415,0.000936
2026-04-03T21:13:24.7762411Z,0.213515,0.245766,0.305512,0.217287,0.242581,0.304088,4.04,gru,0.003772,0.003184,0.001423
2026-04-03T21:13:24.8207995Z,0.210102,0.233992,0.299202,0.210262,0.229586,0.297951,6.52,gru,0.000160,0.004406,0.001250
2026-04-03T21:13:24.8546289Z,0.207309,0.219880,0.292877,0.207558,0.213057,0.291439,4.00,gru,0.000249,0.006823,0.001439
2026-04-03T21:13:24.8898569Z,0.203447,0.207701,0.285851,0.202895,0.201324,0.283876,6.58,gru,0.000551,0.006377,0.001976
2026-04-03T21:13:24.9258082Z,0.198339,0.195308,0.278106,0.195265,0.190285,0.275254,7.54,gru,0.003075,0.005024,0.002852
2026-04-03T21:13:24.9548960Z,0.193688,0.182919,0.270409,0.192495,0.174914,0.268721,4.95,gru,0.001194,0.008006,0.001688
2026-04-03T21:13:24.9872796Z,0.188677,0.170641,0.262765,0.187186,0.161928,0.261972,3.58,gru,0.001491,0.008712,0.000793
2026-04-03T21:13:25.0142913Z,0.180795,0.159039,0.252906,0.173815,0.152154,0.248828,5.82,gru,0.006980,0.006885,0.004078
2026-04-03T21:13:25.0561303Z,0.176341,0.146092,0.244211,0.174317,0.135576,0.242018,6.97,gru,0.002024,0.010516,0.002193
2026-04-03T21:13:25.0895829Z,0.167020,0.136471,0.235309,0.160529,0.130239,0.234911,7.35,gru,0.006491,0.006232,0.000397
2026-04-03T21:13:25.1166646Z,0.164924,0.123664,0.227508,0.165573,0.111537,0.227321,5.01,gru,0.000649,0.012127,0.000187
2026-04-03T21:13:25.1591824Z,0.158464,0.115262,0.217255,0.155485,0.106521,0.213064,10.16,gru,0.002979,0.008741,0.004192
2026-04-03T21:13:25.1786102Z,0.147959,0.103554,0.207120,0.137136,0.096709,0.202911,3.76,gru,0.010823,0.006844,0.004209
2026-04-03T21:13:25.2141498Z,0.137508,0.095328,0.197015,0.128784,0.087458,0.195034,6.85,gru,0.008724,0.007869,0.001981
2026-04-03T21:13:25.2388445Z,0.120846,0.088931,0.184886,0.108040,0.085888,0.179099,3.86,gru,0.012806,0.003043,0.005788
2026-04-03T21:13:25.2768010Z,0.122549,0.079755,0.174647,0.126165,0.065498,0.170213,7.12,gru,0.003617,0.014257,0.004434
2026-04-03T21:13:25.3190228Z,0.117327,0.072073,0.164203,0.118301,0.063729,0.160597,10.00,gru,0.000974,0.008344,0.003607
2026-04-03T21:13:25.3545831Z,0.112486,0.064323,0.152803,0.104970,0.062789,0.146324,4.75,gru,0.007516,0.001534,0.006479
2026-04-03T21:13:25.3887559Z,0.108829,0.058511,0.142067,0.104956,0.054013,0.135635,5.30,gru,0.003874,0.004498,0.006431
2026-04-03T21:13:25.4248679Z,0.104784,0.053814,0.131717,0.102643,0.049557,0.125501,9.29,gru,0.002141,0.004257,0.006216
2026-04-03T21:13:25.4500754Z,0.102225,0.048016,0.121443,0.101667,0.042056,0.114583,3.50,gru,0.000557,0.005960,0.006860
2026-04-03T21:13:25.4833668Z,0.098236,0.043975,0.111854,0.096343,0.040532,0.105069,6.73,gru,0.001892,0.003443,0.006785
2026-04-03T21:13:25.5117274Z,0.093467,0.039048,0.101858,0.091314,0.036197,0.094054,4.04,gru,0.002153,0.002851,0.007804
2026-04-03T21:13:25.5458570Z,0.091402,0.035300,0.092662,0.091302,0.031221,0.084629,5.31,gru,0.000099,0.004079,0.008033
2026-04-03T21:13:25.5810432Z,0.087803,0.030899,0.082928,0.088195,0.027206,0.074287,6.42,gru,0.000392,0.003693,0.008641
2026-04-03T21:13:25.6097223Z,0.088539,0.025939,0.075056,0.090542,0.021282,0.067609,3.93,gru,0.002003,0.004657,0.007447
2026-04-03T21:13:25.6442538Z,0.080413,0.020476,0.061448,0.081910,0.019375,0.047953,6.99,gru,0.001498,0.001101,0.013495
2026-04-03T21:13:25.6850465Z,0.091983,0.014715,0.056893,0.094865,0.007913,0.049733,6.02,gru,0.002882,0.006802,0.007160
2026-04-03T21:13:25.7168554Z,0.120755,0.012056,0.060488,0.129171,0.004655,0.061249,7.58,gru,0.008416,0.007402,0.000761
2026-04-03T21:13:25.7524985Z,0.119216,0.007859,0.049911,0.122547,0.004749,0.033964,7.18,gru,0.003332,0.003109,0.015947
2026-04-03T21:13:25.7830287Z,0.116742,0.005137,0.034084,0.119113,0.008064,0.008173,6.21,gru,0.002371,0.002927,0.025911
2026-04-03T21:13:25.8184783Z,0.095989,0.004064,0.016386,0.098235,0.011420,0.000040,8.78,gru,0.002246,0.007356,0.016345
2026-04-03T21:13:25.8555020Z,0.083683,0.003393,0.001783,0.083234,0.005526,-0.008864,6.99,gru,0.000449,0.002133,0.010647
2026-04-03T21:13:25.8810999Z,0.083566,0.003637,-0.002026,0.079709,-0.000435,-0.004937,5.17,gru,0.003857,0.004073,0.002910
2026-04-03T21:13:25.9166692Z,0.079217,0.005767,-0.006895,0.079096,0.003411,-0.011928,5.03,gru,0.000121,0.002356,0.005033
2026-04-03T21:13:25.9493985Z,0.080302,0.005638,-0.006287,0.081185,0.002128,-0.009724,5.11,gru,0.000883,0.003510,0.003437
2026-04-03T21:13:25.9786213Z,0.079819,0.005529,-0.007652,0.083027,0.002169,-0.009460,5.83,gru,0.003208,0.003360,0.001809
2026-04-03T21:13:26.0116802Z,0.082588,0.007169,-0.009356,0.087475,0.006700,-0.013161,5.01,gru,0.004887,0.000468,0.003806
2026-04-03T21:13:26.0469540Z,0.082193,0.008785,-0.010934,0.088900,0.010627,-0.012420,4.81,gru,0.006706,0.001842,0.001486
2026-04-03T21:13:26.0849412Z,0.084758,0.010517,-0.010056,0.092278,0.012426,-0.008241,7.86,gru,0.007520,0.001910,0.001816
2026-04-03T21:13:26.1182426Z,0.089133,0.015238,-0.011394,0.097802,0.019445,-0.011516,5.22,gru,0.008669,0.004207,0.000121
2026-04-03T21:13:26.1503122Z,0.088973,0.015143,-0.009768,0.097785,0.018835,-0.007425,3.61,gru,0.008812,0.003692,0.002343
2026-04-03T21:13:26.1823473Z,0.091778,0.015267,-0.007921,0.100845,0.017433,-0.003367,3.88,gru,0.009067,0.002166,0.004553
2026-04-03T21:13:26.2150100Z,0.078992,0.018082,-0.015949,0.087469,0.030199,-0.023195,5.71,gru,0.008477,0.012117,0.007247
2026-04-03T21:13:26.2517633Z,0.088982,0.015657,-0.010068,0.095421,0.018355,-0.004506,3.77,gru,0.006439,0.002699,0.005563
2026-04-03T21:13:26.2891262Z,0.098264,0.014055,0.000578,0.109847,0.012427,0.016326,7.42,gru,0.011583,0.001628,0.015748
2026-04-03T21:13:26.3249173Z,0.075016,0.018707,-0.016633,0.077993,0.043860,-0.039100,5.44,gru,0.002977,0.025153,0.022467
2026-04-03T21:13:26.3659719Z,0.099407,0.012468,0.001637,0.100571,0.014929,0.010338,8.55,gru,0.001164,0.002461,0.008701
2026-04-03T21:13:26.3786334Z,0.099434,0.013217,0.000968,0.112567,0.012920,0.012515,4.87,gru,0.013132,0.000297,0.011547
2026-04-03T21:13:26.4106006Z,0.096846,0.011231,0.000142,0.099879,0.022990,-0.009469,6.44,gru,0.003032,0.011759,0.009611
2026-04-03T21:13:26.4520465Z,0.097564,0.010893,-0.000242,0.103419,0.017918,0.002838,5.59,gru,0.005854,0.007026,0.003080
2026-04-03T21:13:26.4839910Z,0.098307,0.010757,-0.000324,0.106816,0.015378,0.002003,6.37,gru,0.008509,0.004622,0.002327
2026-04-03T21:13:26.5051348Z,0.099477,0.011482,0.000859,0.107797,0.015850,0.005370,3.85,gru,0.008320,0.004368,0.004511
2026-04-03T21:13:26.5481746Z,0.097897,0.010993,-0.000507,0.106816,0.015533,0.001161,6.01,gru,0.008918,0.004540,0.001668
2026-04-03T21:13:26.5896352Z,0.097048,0.010612,-0.000443,0.105515,0.014756,0.001622,5.69,gru,0.008467,0.004144,0.002065
2026-04-03T21:13:26.6207620Z,0.093962,0.011260,-0.003871,0.103035,0.016676,-0.003576,7.07,gru,0.009073,0.005416,0.000295
2026-04-03T21:13:26.6447396Z,0.099234,0.011469,-0.000432,0.107595,0.014473,0.005770,4.02,gru,0.008361,0.003003,0.006203
2026-04-03T21:13:26.6768520Z,0.096999,0.009758,-0.001229,0.106793,0.012534,0.002951,6.07,gru,0.009795,0.002776,0.004180
2026-04-03T21:13:26.7135206Z,0.094678,0.011853,-0.006866,0.103411,0.019031,-0.011602,9.04,gru,0.008733,0.007178,0.004736
2026-04-03T21:13:26.7519022Z,0.095717,0.012915,-0.005552,0.105108,0.018835,-0.001091,7.51,gru,0.009391,0.005921,0.004461
2026-04-03T21:13:26.7893944Z,0.095090,0.011163,-0.005667,0.104327,0.014837,0.000343,7.50,gru,0.009237,0.003674,0.006010
2026-04-03T21:13:26.8168099Z,0.095280,0.012511,-0.005387,0.103518,0.017993,-0.003203,7.62,gru,0.008237,0.005482,0.002184
2026-04-03T21:13:26.8519552Z,0.094513,0.013201,-0.005382,0.106387,0.018682,-0.002411,4.81,gru,0.011874,0.005481,0.002971
2026-04-03T21:13:26.8822179Z,0.094291,0.011063,-0.005385,0.103894,0.014407,-0.002566,5.47,gru,0.009603,0.003345,0.002819
2026-04-03T21:13:26.9184532Z,0.093897,0.012252,-0.006267,0.102124,0.018861,-0.004166,7.26,gru,0.008226,0.006610,0.002102
2026-04-03T21:13:26.9580967Z,0.093448,0.011609,-0.006068,0.106424,0.015439,-0.002537,8.57,gru,0.012976,0.003830,0.003531
2026-04-03T21:13:27.0047709Z,0.096752,0.010014,-0.000839,0.106151,0.013128,0.007817,10.54,gru,0.009399,0.003114,0.008656
2026-04-03T21:13:27.0317442Z,0.094157,0.008874,-0.002752,0.103821,0.013548,-0.001423,13.73,gru,0.009664,0.004674,0.001329
2026-04-03T21:13:27.1068191Z,0.095588,0.008823,-0.001010,0.105014,0.014313,0.001154,12.57,gru,0.009426,0.005490,0.002164
2026-04-03T21:13:27.1340598Z,0.095973,0.010139,-0.001517,0.105622,0.016694,0.002337,11.29,gru,0.009649,0.006555,0.003854
2026-04-03T21:13:27.1672777Z,0.095135,0.009274,-0.002551,0.104765,0.014257,-0.001117,7.51,gru,0.009630,0.004983,0.001434
2026-04-03T21:13:27.1801711Z,0.096265,0.010754,-0.001304,0.105503,0.016355,0.003385,6.14,gru,0.009238,0.005601,0.004689
2026-04-03T21:13:27.2144455Z,0.094846,0.009775,-0.001849,0.104128,0.015236,0.001193,5.01,gru,0.009282,0.005462,0.003042
2026-04-03T21:13:27.2470687Z,0.095232,0.009892,-0.001789,0.104444,0.015087,0.000754,4.58,gru,0.009212,0.005195,0.002542
2026-04-03T21:13:27.2843711Z,0.095161,0.009256,-0.001207,0.105219,0.013992,0.002947,5.31,gru,0.010057,0.004736,0.004153
2026-04-03T21:13:27.3385925Z,0.096446,0.009647,-0.001346,0.105692,0.014990,0.001616,13.92,gru,0.009246,0.005343,0.002961
2026-04-03T21:13:27.3627362Z,0.097078,0.010380,-0.000778,0.106301,0.016704,0.002461,7.13,gru,0.009223,0.006324,0.003239
2026-04-03T21:13:27.3984199Z,0.093598,0.008702,-0.002242,0.103050,0.014116,-0.000168,8.61,gru,0.009452,0.005414,0.002074
2026-04-03T21:13:27.4218545Z,0.096279,0.010047,-0.001719,0.105326,0.015876,0.001168,4.57,gru,0.009047,0.005829,0.002886
2026-04-03T21:13:27.4774595Z,0.095194,0.009722,-0.002363,0.104775,0.015922,0.000699,6.90,gru,0.009581,0.006200,0.003062
2026-04-03T21:13:27.5070991Z,0.095967,0.009083,-0.001789,0.105201,0.014352,0.001420,4.64,gru,0.009234,0.005268,0.003208
2026-04-03T21:13:27.5517687Z,0.095318,0.008841,-0.002290,0.104821,0.014981,0.000369,7.60,gru,0.009503,0.006140,0.002659
2026-04-03T21:13:27.5795274Z,0.096045,0.010324,-0.000973,0.104951,0.017849,0.002737,5.21,gru,0.008906,0.007525,0.003710
2026-04-03T21:13:27.6244061Z,0.090419,0.012127,-0.008316,0.099891,0.022224,-0.012313,7.55,gru,0.009472,0.010098,0.003997
2026-04-03T21:13:27.6527529Z,0.090528,0.010321,-0.007626,0.099821,0.015213,-0.005206,5.39,gru,0.009293,0.004892,0.002420
2026-04-03T21:13:27.6809129Z,0.090700,0.012034,-0.007565,0.100155,0.017321,-0.000943,6.44,gru,0.009455,0.005287,0.006622
2026-04-03T21:13:27.7069403Z,0.090508,0.011548,-0.007679,0.100909,0.016760,-0.005637,5.77,gru,0.010401,0.005211,0.002042
2026-04-03T21:13:27.7485013Z,0.090099,0.011139,-0.007633,0.100717,0.015554,-0.004657,7.41,gru,0.010618,0.004415,0.002976
2026-04-03T21:13:27.7894804Z,0.089228,0.011804,-0.008287,0.100290,0.017234,-0.006052,5.11,gru,0.011062,0.005430,0.002234
2026-04-03T21:13:27.8187474Z,0.090322,0.011514,-0.007476,0.101808,0.015547,-0.003431,5.65,gru,0.011486,0.004033,0.004045
2026-04-03T21:13:27.8530709Z,0.096324,0.010139,-0.000563,0.107799,0.012751,0.009636,5.69,gru,0.011475,0.002612,0.010199
2026-04-03T21:13:27.8900700Z,0.095361,0.009907,-0.001159,0.106842,0.014308,0.001314,7.87,gru,0.011481,0.004401,0.002473
2026-04-03T21:13:27.9211227Z,0.096806,0.009985,-0.000879,0.107580,0.015884,-0.001033,4.07,gru,0.010774,0.005899,0.000154
2026-04-03T21:13:27.9497679Z,0.096962,0.010244,-0.000249,0.107417,0.016089,0.004516,4.64,gru,0.010455,0.005845,0.004766
2026-04-03T21:13:27.9794654Z,0.094004,0.009139,-0.002215,0.103917,0.014539,-0.000612,4.71,gru,0.009913,0.005400,0.001603
2026-04-03T21:13:28.0091417Z,0.095768,0.010646,-0.001261,0.105028,0.016645,0.002366,4.94,gru,0.009261,0.005999,0.003626
2026-04-03T21:13:28.0451756Z,0.095371,0.009732,-0.001813,0.105474,0.014725,0.001551,4.71,gru,0.010102,0.004993,0.003364
2026-04-03T21:13:28.0810407Z,0.098260,0.010739,0.000187,0.107699,0.015635,0.004408,5.37,gru,0.009439,0.004896,0.004220
2026-04-03T21:13:28.1112275Z,0.097520,0.010025,-0.000022,0.107268,0.015139,0.003412,4.90,gru,0.009748,0.005114,0.003435
2026-04-03T21:13:28.1431972Z,0.095469,0.008533,-0.001532,0.104894,0.013254,-0.000652,4.76,gru,0.009425,0.004721,0.000879
2026-04-03T21:13:28.1801629Z,0.097208,0.010825,-0.000166,0.106090,0.017658,0.004247,6.43,gru,0.008882,0.006833,0.004413
2026-04-03T21:13:28.2185525Z,0.095454,0.010025,-0.001230,0.104342,0.016862,0.001803,7.28,gru,0.008888,0.006837,0.003033
2026-04-03T21:13:28.2515476Z,0.095851,0.009408,-0.000929,0.105335,0.014342,0.001697,5.13,gru,0.009484,0.004935,0.002625
2026-04-03T21:13:28.2840785Z,0.095653,0.009215,-0.001095,0.105076,0.015106,0.002020,4.08,gru,0.009422,0.005891,0.003115
2026-04-03T21:13:28.3154308Z,0.094605,0.009587,-0.001921,0.103957,0.016785,-0.000080,4.85,gru,0.009353,0.007198,0.001841
2026-04-03T21:13:28.3486340Z,0.095620,0.010201,-0.001426,0.104843,0.017168,0.001914,3.57,gru,0.009223,0.006967,0.003339
2026-04-03T21:13:28.3782023Z,0.094818,0.009049,-0.001521,0.104080,0.014751,0.001629,5.28,gru,0.009262,0.005702,0.003149
2026-04-03T21:13:28.4094036Z,0.091799,0.011459,-0.007188,0.101430,0.020317,-0.010519,4.59,gru,0.009631,0.008858,0.003331
2026-04-03T21:13:28.4463688Z,0.094847,0.009761,-0.001366,0.104094,0.015075,0.006988,4.64,gru,0.009247,0.005314,0.008354
2026-04-03T21:13:28.4772945Z,0.093850,0.009208,-0.001391,0.103389,0.013458,0.004891,3.38,gru,0.009539,0.004250,0.006283
2026-04-03T21:13:28.5119323Z,0.095415,0.009921,-0.001070,0.104783,0.016700,-0.001140,3.60,gru,0.009368,0.006778,0.000070
2026-04-03T21:13:28.5467969Z,0.094908,0.008530,-0.001763,0.104399,0.014217,0.000631,7.46,gru,0.009491,0.005687,0.002394
2026-04-03T21:13:28.5964209Z,0.096511,0.009755,-0.000516,0.105547,0.015979,0.003379,8.98,gru,0.009036,0.006224,0.003895
2026-04-03T21:13:28.6355692Z,0.095140,0.008235,-0.000737,0.104630,0.013661,0.002850,8.74,gru,0.009490,0.005426,0.003587
2026-04-03T21:13:28.6473530Z,0.098538,0.010987,0.000933,0.107586,0.017634,0.004477,4.23,gru,0.009048,0.006647,0.003544
2026-04-03T21:13:28.6807667Z,0.093702,0.008857,-0.002361,0.103200,0.015057,-0.002544,5.93,gru,0.009498,0.006200,0.000182
2026-04-03T21:13:28.7176218Z,0.095466,0.008199,-0.001575,0.103929,0.012962,0.001021,8.21,gru,0.008463,0.004763,0.002596
2026-04-03T21:13:28.7481351Z,0.095495,0.009810,-0.001279,0.104520,0.017115,0.003740,4.77,gru,0.009024,0.007304,0.005019
2026-04-03T21:13:28.7788424Z,0.097596,0.009493,0.000139,0.106616,0.015241,0.003729,5.61,gru,0.009020,0.005748,0.003590
2026-04-03T21:13:28.8132470Z,0.097147,0.010838,0.000745,0.105891,0.017260,0.004008,5.65,gru,0.008744,0.006422,0.003264
2026-04-03T21:13:28.8567402Z,0.094113,0.008655,-0.002005,0.103096,0.014290,-0.002488,8.63,gru,0.008983,0.005636,0.000483
2026-04-03T21:13:28.8850691Z,0.094863,0.008032,-0.000496,0.103360,0.013174,0.003590,6.50,gru,0.008497,0.005141,0.004086
2026-04-03T21:13:28.9112682Z,0.095651,0.008293,-0.000349,0.104723,0.014878,0.004104,4.11,gru,0.009072,0.006585,0.004453
2026-04-03T21:13:28.9438013Z,0.094709,0.008792,-0.000546,0.103802,0.015858,0.001196,5.28,gru,0.009093,0.007067,0.001742
2026-04-03T21:13:28.9785124Z,0.095393,0.010518,-0.000841,0.104027,0.018202,0.001282,6.08,gru,0.008633,0.007684,0.002123
2026-04-03T21:13:29.0125158Z,0.095462,0.011523,-0.001088,0.104233,0.018638,0.001276,5.46,gru,0.008771,0.007115,0.002364
2026-04-03T21:13:29.0467930Z,0.094836,0.009683,-0.001127,0.104494,0.014144,0.001966,5.67,gru,0.009657,0.004461,0.003093
2026-04-03T21:13:29.0789656Z,0.096293,0.011091,0.000434,0.105272,0.017179,0.004780,5.81,gru,0.008979,0.006089,0.004346
2026-04-03T21:13:29.1181768Z,0.094040,0.010050,-0.000894,0.103244,0.016621,0.000685,4.67,gru,0.009203,0.006571,0.001579
2026-04-03T21:13:29.1525812Z,0.094800,0.010565,-0.000899,0.103664,0.016628,0.000927,7.16,gru,0.008864,0.006063,0.001825
2026-04-03T21:13:29.1727916Z,0.094611,0.010238,-0.001918,0.103869,0.015797,0.000452,4.05,gru,0.009258,0.005559,0.002371
